Workbook

Sheet Index
A1: ID | B1: Card | C1: Type | D1: Stage / Rarity (trainer) | E1: Remaining Evo | F1: Deck Feature Tier | G1: Opener Archetype | H1: Possible CPU Deck Block? | I1: Included in B1 opp Deck? | K1: Feature Tier Key
A2: base1-1 | B2: Alakazam | C2: P | D2: 2 | F2: 2.5 | I2: TRUE | K2: Not shown | L2: Not worth noting
A3: base1-2 | B3: Blastoise | C3: W | D3: 2 | F3: 4 | I3: TRUE | K3: 1 | L3: Strategic Opener / Tank / Other utility
A4: base1-3 | B4: Chansey | C4: C | D4: b | E4: n | F4: 1.5 | G4: t | I4: TRUE | K4: 2 | L4: Secondary Feature
A5: base1-4 | B5: Charizard | C5: R | D5: 2 | F5: 4 | I5: TRUE | K5: 3 | L5: Primary Feature
A6: base1-5 | B6: Clefairy | C6: C | D6: b | E6: y | F6: 0.5 | I6: TRUE | K6: 4 | L6: Elite Feature
A7: base1-6 | B7: Gyarados | C7: W | D7: 1 | E7: n | F7: 2 | I7: TRUE
A8: base1-7 | B8: Hitmonchan | C8: F | D8: b | E8: n | F8: 1 | G8: o | I8: TRUE
A9: base1-8 | B9: Machamp | C9: F | D9: 2 | F9: 3 | I9: TRUE | K9: Tier ranking is only for last of evolution line and select useful others. Partially based in subjectivity and play experience
A10: base1-9 | B10: Magneton | C10: E | D10: 1 | E10: n | F10: 2 | I10: TRUE | K10: Remaining Evo only applies to Basic and Stage 1. All stage 2 are assumed to not have evolutions remaining
A11: base1-10 | B11: Mewtwo | C11: P | D11: b | E11: n | F11: 1 | G11: f | I11: TRUE | K11: Labels here are used for the lookup table on the deck tabs, but we can possibly get utility from it as well with the AI
A12: base1-11 | B12: Nidoking | C12: G | D12: 2 | F12: 3 | I12: TRUE | K12: Trainer rarity is used to gauge usefulness in decks
A13: base1-12 | B13: Ninetales | C13: F | D13: 1 | E13: n | F13: 2 | I13: TRUE | K13: Half steps are used. Consider those candidates for the next tier with proper support
A14: base1-13 | B14: Poliwrath | C14: W | D14: 2 | F14: 3 | I14: TRUE | K14: Opener archetypes per card are tracked. I don't know if we'll need these but it's cheap to do while going through the set anyway. Unlabeled ones should be deferred as openers when possible, but usually committed to once they're in. Based on battle utility, not whether they can evolve, etc
A15: base1-14 | B15: Raichu | C15: E | D15: 1 | E15: n | F15: 2 | I15: TRUE
A16: base1-15 | B16: Venusaur | C16: G | D16: 2 | F16: 3 | I16: TRUE
A17: base1-16 | B17: Zapdos | C17: E | D17: b | E17: n | F17: 1.5 | G17: h | I17: TRUE
A18: base1-17 | B18: Beedrill | C18: G | D18: 2 | F18: 3 | I18: TRUE
A19: base1-18 | B19: Dragonair | C19: C | D19: 1 | E19: y | F19: 1 | I19: TRUE | K19: Opener Archetype Key:
A20: base1-19 | B20: Dugtrio | C20: F | D20: 1 | E20: n | F20: 2 | I20: TRUE
A21: base1-20 | B21: Electabuzz | C21: E | D21: b | E21: n | F21: 1 | I21: TRUE | K21: A | L21: Attack Opener. Openers that use stalling attacks, low damage attacks w/ high HP, or build up to damage quickly without evo. Should be weighted high for starter selection or stalling jobs, lower for retreat. Can sometimes also build up to stronger moves while stalling. Ex: Onix, Jynx
A22: base1-21 | B22: Electrode | C22: E | D22: 1 | E22: n | F22: 2 | I22: TRUE | K22: T | L22: Tanks. Usually used as openers but attacks are usually defensive stalling or card drawing. Usually weighted higher than other openers. Ex: Chansey
A23: base1-22 | B23: Pidgeotto | C23: C | D23: 1 | E23: y | I23: TRUE | K23: F | L23: Fallback opener. Good cheap attack option during game, not a main weapon but capable of bridging gaps. Good opener if other options aren't available. Ex: Mewtwo (1-10)
A24: base1-23 | B24: Arcanine | C24: R | D24: 1 | E24: n | F24: 2 | I24: TRUE | K24: E | L24: Evo openerer. Lower weight when it comes to opening due to evolution possibility but does have stalling moves or can do damage, and should be prioritized when stalling is needed and no other options available. Higher priority if evolution exists in hand and is realistic to survive long enough to evolve. Ex: Squirtle
A25: base1-24 | B25: Charmeleon | C25: R | D25: 1 | E25: y | I25: TRUE | K25: N | L25: Avoid using as an opener when possible. Should be weighted lower than the baseline and possibly even switched out when other options become available. Ex: Magikarp
A26: base1-25 | B26: Dewgong | C26: W | D26: 1 | E26: n | F26: 2 | I26: TRUE | K26: H | L26: HP staller. A high HP card that would normally be used as an attacker is substituted as a tank due to lack of other options. Committed to once in, not retreated or powered up unless smart to do so. A complete sacrifice. Ex: Zapdos (1-16)
A27: base1-26 | B27: Dratini | C27: C | D27: b | E27: y | I27: TRUE
A28: base1-27 | B28: Farfetch'd | C28: C | D28: b | E28: n | G28: a | I28: TRUE
A29: base1-28 | B29: Growlithe | C29: R | D29: b | E29: y | I29: TRUE
A30: base1-29 | B30: Haunter | C30: P | D30: 1 | E30: y | I30: TRUE
A31: base1-30 | B31: Ivysaur | C31: G | D31: 1 | E31: y | I31: TRUE
A32: base1-31 | B32: Jynx | C32: P | D32: b | E32: n | F32: 1 | G32: a | I32: TRUE
A33: base1-32 | B33: Kadabra | C33: P | D33: 1 | E33: y | I33: TRUE
A34: base1-33 | B34: Kakuna | C34: G | D34: 1 | E34: y | I34: TRUE
A35: base1-34 | B35: Machoke | C35: F | D35: 1 | E35: y | I35: TRUE
A36: base1-35 | B36: Magikarp | C36: W | D36: b | E36: y | G36: n | I36: TRUE
A37: base1-36 | B37: Magmar | C37: R | D37: b | E37: n | G37: f | I37: TRUE
A38: base1-37 | B38: Nidorino | C38: G | D38: 1 | E38: y | I38: TRUE
A39: base1-38 | B39: Poliwhirl | C39: W | D39: 1 | E39: y | I39: TRUE
A40: base1-39 | B40: Porygon | C40: C | D40: b | E40: n | G40: a | I40: TRUE
A41: base1-40 | B41: Raticate | C41: C | D41: 1 | E41: n | I41: TRUE
A42: base1-41 | B42: Seel | C42: W | D42: b | E42: y | I42: TRUE
A43: base1-42 | B43: Wartortle | C43: W | D43: 1 | E43: y | I43: TRUE
A44: base1-43 | B44: Abra | C44: P | D44: b | E44: y | G44: e | I44: TRUE
A45: base1-44 | B45: Bulbasaur | C45: G | D45: b | E45: y | I45: TRUE
A46: base1-45 | B46: Caterpie | C46: G | D46: b | E46: y | I46: TRUE
A47: base1-46 | B47: Charmander | C47: R | D47: b | E47: y | G47: e | I47: TRUE
A48: base1-47 | B48: Diglett | C48: F | D48: b | E48: y | G48: e | I48: TRUE
A49: base1-48 | B49: Doduo | C49: C | D49: b | E49: y | G49: a | I49: TRUE
A50: base1-49 | B50: Drowzee | C50: P | D50: b | E50: y | G50: a | I50: TRUE
A51: base1-50 | B51: Gastly | C51: P | D51: b | E51: y | G51: e | I51: TRUE
A52: base1-51 | B52: Koffing | C52: G | D52: b | E52: y | G52: a | I52: TRUE
A53: base1-52 | B53: Machop | C53: F | D53: b | E53: y | G53: e | I53: TRUE
A54: base1-53 | B54: Magnemite | C54: E | D54: b | E54: y | G54: e | I54: TRUE
A55: base1-54 | B55: Metapod | C55: G | D55: 1 | E55: y | I55: TRUE
A56: base1-55 | B56: Nidoran ♂ | C56: G | D56: 1 | E56: y | G56: a | I56: TRUE
A57: base1-56 | B57: Onix | C57: F | D57: b | E57: n | G57: t | I57: TRUE
A58: base1-57 | B58: Pidgey | C58: C | D58: b | E58: y | I58: TRUE
A59: base1-58 | B59: Pikachu | C59: E | D59: b | E59: y | I59: TRUE
A60: base1-59 | B60: Poliwag | C60: W | D60: b | E60: y | G60: e | I60: TRUE
A61: base1-60 | B61: Ponyta | C61: R | D61: b | E61: y | G61: e | I61: TRUE
A62: base1-61 | B62: Rattata | C62: C | D62: b | E62: y | I62: TRUE
A63: base1-62 | B63: Sandshrew | C63: F | D63: b | E63: y | G63: a | I63: TRUE
A64: base1-63 | B64: Squirtle | C64: W | D64: b | E64: y | G64: e | I64: TRUE
A65: base1-64 | B65: Starmie | C65: W | D65: 1 | E65: n | F65: 1.5 | I65: TRUE
A66: base1-65 | B66: Staryu | C66: W | D66: b | E66: y | I66: TRUE
A67: base1-66 | B67: Tangela | C67: G | D67: b | E67: n | G67: f | I67: TRUE
A68: base1-67 | B68: Voltorb | C68: E | D68: b | E68: y | I68: TRUE
A69: base1-68 | B69: Vulpix | C69: R | D69: b | E69: y | G69: e | I69: TRUE
A70: base1-69 | B70: Weedle | C70: G | D70: b | E70: y | G70: a | I70: TRUE
A71: base1-70 | B71: Clefairy Doll | C71: T | D71: r | I71: FALSE
A72: base1-71 | B72: Computer Search | C72: T | D72: r | I72: TRUE
A73: base1-72 | B73: Devolution Spray | C73: T | D73: r | H73: y | I73: FALSE
A74: base1-73 | B74: Impostor Professor Oak | C74: T | D74: r | I74: TRUE
A75: base1-74 | B75: Item Finder | C75: T | D75: r | I75: TRUE
A76: base1-75 | B76: Lass | C76: T | D76: r | I76: TRUE
A77: base1-76 | B77: Pokemon Breeder | C77: T | D77: r | I77: TRUE
A78: base1-77 | B78: Pokemon Trader | C78: T | D78: r | I78: TRUE
A79: base1-78 | B79: Scoop Up | C79: T | D79: r | I79: TRUE
A80: base1-79 | B80: Super Energy Removal | C80: T | D80: r | I80: TRUE
A81: base1-80 | B81: Defender | C81: T | D81: u | I81: TRUE
A82: base1-81 | B82: Energy Retrieval | C82: T | D82: u | I82: TRUE
A83: base1-82 | B83: Full Heal | C83: T | D83: u | I83: TRUE
A84: base1-83 | B84: Maintenance | C84: T | D84: u | I84: TRUE
A85: base1-84 | B85: PlusPower | C85: T | D85: u | I85: TRUE
A86: base1-85 | B86: Pokemon Center | C86: T | D86: u | H86: y | I86: FALSE
A87: base1-86 | B87: Pokemon Flute | C87: T | D87: u | H87: y | I87: FALSE
A88: base1-87 | B88: Pokedex | C88: T | D88: u | I88: TRUE
A89: base1-88 | B89: Professor Oak | C89: T | D89: u | I89: TRUE
A90: base1-89 | B90: Revive | C90: T | D90: u | H90: y | I90: FALSE
A91: base1-90 | B91: Super Potion | C91: T | D91: u | I91: TRUE
A92: base1-91 | B92: Bill | C92: T | D92: c | I92: TRUE
A93: base1-92 | B93: Energy Removal | C93: T | D93: c | I93: TRUE
A94: base1-93 | B94: Gust of Wind | C94: T | D94: c | I94: TRUE
A95: base1-94 | B95: Potion | C95: T | D95: c | I95: TRUE
A96: base1-95 | B96: Switch | C96: T | D96: c | I96: TRUE
A97: base1-96 | B97: Double Colorless Energy | C97: Energy | I97: TRUE
A98: base1-97 | B98: Fighting Energy | C98: Energy | I98: TRUE
A99: base1-98 | B99: Fire Energy | C99: Energy | I99: TRUE
A100: base1-99 | B100: Grass Energy | C100: Energy | I100: TRUE
...

Sheet Template
A1: Card | B1: Quantity | C1: Type | D1: ID | E1: Stage / Rarity | F1: Remaining Evo | G1: Feature Weight | I1: Card Total | K1: Type | L1: Num | M1: Basic | N1: S1 Max | O1: S1 Mid | P1: S2 | Q1: No Evolve
C2: {=IF(NOT(ISBLANK($A2)), (_xlfn.XLOOKUP($A2,Index!$B$2:$B$103,Index!$C$2:$C$103,"Not Found")),"")} | D2: {=IF(NOT(ISBLANK(A2)), (_xlfn.XLOOKUP($A2,Index!$B$2:B$103,Index!$A$2:$A$103,"Not Found")),"")} | E2: {=IF(NOT(ISBLANK($A2)), (_xlfn.XLOOKUP($A2,Index!$B$2:$B$103,Index!$D$2:$D$103,"Not Found")),"")} | F2: {=IF(NOT(ISBLANK($A2)), (_xlfn.XLOOKUP($A2,Index!$B$2:$B$103,Index!$E$2:$E$103,"Not Found")),"")} | G2: {=IF(NOT(ISBLANK(A2)), ((_xlfn.XLOOKUP(A2,Index!$B$2:$B$103,Index!$F$2:$F$103,"Not Found"))*B2),"")} | I2: =SUM(B2:B38) -> 0 | L2: =IF(NOT(ISBLANK(K2)), SUM(M2:P2), "") | M2: =IF(NOT(ISBLANK($K2)), SUMIFS($B$2:$B$32, $E$2:$E$32, "B", $C$2:$C$32,$K2), "") | N2: =IF(NOT(ISBLANK($K2)),SUMIFS($B$2:$B$32,$E$2:$E$32, "1", $C$2:$C$32,$K2,$F$2:$F$32,"N"), "") | O2: =IF(NOT(ISBLANK($K2)),SUMIFS($B$2:$B$32,$E$2:$E$32, "1", $C$2:$C$32,$K2,$F$2:$F$32,"Y"), "") | P2: =IF(NOT(ISBLANK($K2)),SUMIFS($B$2:$B$32,$E$2:$E$32, "2", $C$2:$C$32,$K2), "") | Q2: =IF(NOT(ISBLANK($K2)),SUMIFS($B$2:$B$32,$E$2:$E$32, "B", $C$2:$C$32,$K2,$F$2:$F$32,"N"), "")
C3: {=IF(NOT(ISBLANK($A3)), (_xlfn.XLOOKUP($A3,Index!$B$2:$B$103,Index!$C$2:$C$103,"Not Found")),"")} | D3: {=IF(NOT(ISBLANK(A3)), (_xlfn.XLOOKUP($A3,Index!$B$2:B$103,Index!$A$2:$A$103,"Not Found")),"")} | E3: {=IF(NOT(ISBLANK($A3)), (_xlfn.XLOOKUP($A3,Index!$B$2:$B$103,Index!$D$2:$D$103,"Not Found")),"")} | F3: {=IF(NOT(ISBLANK($A3)), (_xlfn.XLOOKUP($A3,Index!$B$2:$B$103,Index!$E$2:$E$103,"Not Found")),"")} | G3: {=IF(NOT(ISBLANK(A3)), ((_xlfn.XLOOKUP(A3,Index!$B$2:$B$103,Index!$F$2:$F$103,"Not Found"))*B3),"")} | L3: =IF(NOT(ISBLANK(K3)), SUM(M3:P3), "") | M3: =IF(NOT(ISBLANK($K3)), SUMIFS($B$2:$B$32, $E$2:$E$32, "B", $C$2:$C$32,$K3), "") | N3: =IF(NOT(ISBLANK($K3)),SUMIFS($B$2:$B$32,$E$2:$E$32, "1", $C$2:$C$32,$K3,$F$2:$F$32,"N"), "") | O3: =IF(NOT(ISBLANK($K3)),SUMIFS($B$2:$B$32,$E$2:$E$32, "1", $C$2:$C$32,$K3,$F$2:$F$32,"Y"), "") | P3: =IF(NOT(ISBLANK($K3)),SUMIFS($B$2:$B$32,$E$2:$E$32, "2", $C$2:$C$32,$K3), "") | Q3: =IF(NOT(ISBLANK($K3)),SUMIFS($B$2:$B$32,$E$2:$E$32, "B", $C$2:$C$32,$K3,$F$2:$F$32,"N"), "")
C4: {=IF(NOT(ISBLANK($A4)), (_xlfn.XLOOKUP($A4,Index!$B$2:$B$103,Index!$C$2:$C$103,"Not Found")),"")} | D4: {=IF(NOT(ISBLANK(A4)), (_xlfn.XLOOKUP($A4,Index!$B$2:B$103,Index!$A$2:$A$103,"Not Found")),"")} | E4: {=IF(NOT(ISBLANK($A4)), (_xlfn.XLOOKUP($A4,Index!$B$2:$B$103,Index!$D$2:$D$103,"Not Found")),"")} | F4: {=IF(NOT(ISBLANK($A4)), (_xlfn.XLOOKUP($A4,Index!$B$2:$B$103,Index!$E$2:$E$103,"Not Found")),"")} | G4: {=IF(NOT(ISBLANK(A4)), ((_xlfn.XLOOKUP(A4,Index!$B$2:$B$103,Index!$F$2:$F$103,"Not Found"))*B4),"")} | L4: =IF(NOT(ISBLANK(K4)), SUM(M4:P4), "") | M4: =IF(NOT(ISBLANK($K4)), SUMIFS($B$2:$B$32, $E$2:$E$32, "B", $C$2:$C$32,$K4), "") | N4: =IF(NOT(ISBLANK($K4)),SUMIFS($B$2:$B$32,$E$2:$E$32, "1", $C$2:$C$32,$K4,$F$2:$F$32,"N"), "") | O4: =IF(NOT(ISBLANK($K4)),SUMIFS($B$2:$B$32,$E$2:$E$32, "1", $C$2:$C$32,$K4,$F$2:$F$32,"Y"), "") | P4: =IF(NOT(ISBLANK($K4)),SUMIFS($B$2:$B$32,$E$2:$E$32, "2", $C$2:$C$32,$K4), "") | Q4: =IF(NOT(ISBLANK($K4)),SUMIFS($B$2:$B$32,$E$2:$E$32, "B", $C$2:$C$32,$K4,$F$2:$F$32,"N"), "")
C5: {=IF(NOT(ISBLANK($A5)), (_xlfn.XLOOKUP($A5,Index!$B$2:$B$103,Index!$C$2:$C$103,"Not Found")),"")} | D5: {=IF(NOT(ISBLANK(A5)), (_xlfn.XLOOKUP($A5,Index!$B$2:B$103,Index!$A$2:$A$103,"Not Found")),"")} | E5: {=IF(NOT(ISBLANK($A5)), (_xlfn.XLOOKUP($A5,Index!$B$2:$B$103,Index!$D$2:$D$103,"Not Found")),"")} | F5: {=IF(NOT(ISBLANK($A5)), (_xlfn.XLOOKUP($A5,Index!$B$2:$B$103,Index!$E$2:$E$103,"Not Found")),"")} | G5: {=IF(NOT(ISBLANK(A5)), ((_xlfn.XLOOKUP(A5,Index!$B$2:$B$103,Index!$F$2:$F$103,"Not Found"))*B5),"")} | L5: =IF(NOT(ISBLANK(K5)), SUM(M5:P5), "") | M5: =IF(NOT(ISBLANK($K5)), SUMIFS($B$2:$B$32, $E$2:$E$32, "B", $C$2:$C$32,$K5), "") | N5: =IF(NOT(ISBLANK($K5)),SUMIFS($B$2:$B$32,$E$2:$E$32, "1", $C$2:$C$32,$K5,$F$2:$F$32,"N"), "") | O5: =IF(NOT(ISBLANK($K5)),SUMIFS($B$2:$B$32,$E$2:$E$32, "1", $C$2:$C$32,$K5,$F$2:$F$32,"Y"), "") | P5: =IF(NOT(ISBLANK($K5)),SUMIFS($B$2:$B$32,$E$2:$E$32, "2", $C$2:$C$32,$K5), "") | Q5: =IF(NOT(ISBLANK($K5)),SUMIFS($B$2:$B$32,$E$2:$E$32, "B", $C$2:$C$32,$K5,$F$2:$F$32,"N"), "")
C6: {=IF(NOT(ISBLANK($A6)), (_xlfn.XLOOKUP($A6,Index!$B$2:$B$103,Index!$C$2:$C$103,"Not Found")),"")} | D6: {=IF(NOT(ISBLANK(A6)), (_xlfn.XLOOKUP($A6,Index!$B$2:B$103,Index!$A$2:$A$103,"Not Found")),"")} | E6: {=IF(NOT(ISBLANK($A6)), (_xlfn.XLOOKUP($A6,Index!$B$2:$B$103,Index!$D$2:$D$103,"Not Found")),"")} | F6: {=IF(NOT(ISBLANK($A6)), (_xlfn.XLOOKUP($A6,Index!$B$2:$B$103,Index!$E$2:$E$103,"Not Found")),"")} | G6: {=IF(NOT(ISBLANK(A6)), ((_xlfn.XLOOKUP(A6,Index!$B$2:$B$103,Index!$F$2:$F$103,"Not Found"))*B6),"")} | L6: =IF(NOT(ISBLANK(K6)), SUM(M6:P6), "") | M6: =IF(NOT(ISBLANK($K6)), COUNTIFS($E$2:$E$32, "B", $C$2:$C$32,$K6), "") | N6: =IF(NOT(ISBLANK(K6)),COUNTIFS($E$2:$E$32, "1", $C$2:$C$32,$K6,$F$2:$F$32,"N"), "") | O6: =IF(NOT(ISBLANK($K6)),COUNTIFS($E$2:$E$32, "1", $C$2:$C$32,$K6,$F$2:$F$32,"Y"), "") | P6: =IF(NOT(ISBLANK($K6)),COUNTIFS($E$2:$E$32, "2", $C$2:$C$32,$K6), "") | Q6: =IF(NOT(ISBLANK($K6)),COUNTIFS($E$2:$E$32, "B", $C$2:$C$32,$K6,$F$2:$F$32,"N"), "")
C7: {=IF(NOT(ISBLANK($A7)), (_xlfn.XLOOKUP($A7,Index!$B$2:$B$103,Index!$C$2:$C$103,"Not Found")),"")} | D7: {=IF(NOT(ISBLANK(A7)), (_xlfn.XLOOKUP($A7,Index!$B$2:B$103,Index!$A$2:$A$103,"Not Found")),"")} | E7: {=IF(NOT(ISBLANK($A7)), (_xlfn.XLOOKUP($A7,Index!$B$2:$B$103,Index!$D$2:$D$103,"Not Found")),"")} | F7: {=IF(NOT(ISBLANK($A7)), (_xlfn.XLOOKUP($A7,Index!$B$2:$B$103,Index!$E$2:$E$103,"Not Found")),"")} | G7: {=IF(NOT(ISBLANK(A7)), ((_xlfn.XLOOKUP(A7,Index!$B$2:$B$103,Index!$F$2:$F$103,"Not Found"))*B7),"")} | K7: Total | L7: =SUM(L2:L6) -> 0 | M7: =SUM(M2:M6) -> 0 | N7: =SUM(N2:N6) -> 0 | O7: =SUM(O2:O6) -> 0 | P7: =SUM(P2:P6) -> 0 | Q7: =SUM(Q2:Q6) -> 0
C8: {=IF(NOT(ISBLANK($A8)), (_xlfn.XLOOKUP($A8,Index!$B$2:$B$103,Index!$C$2:$C$103,"Not Found")),"")} | D8: {=IF(NOT(ISBLANK(A8)), (_xlfn.XLOOKUP($A8,Index!$B$2:B$103,Index!$A$2:$A$103,"Not Found")),"")} | E8: {=IF(NOT(ISBLANK($A8)), (_xlfn.XLOOKUP($A8,Index!$B$2:$B$103,Index!$D$2:$D$103,"Not Found")),"")} | F8: {=IF(NOT(ISBLANK($A8)), (_xlfn.XLOOKUP($A8,Index!$B$2:$B$103,Index!$E$2:$E$103,"Not Found")),"")} | G8: {=IF(NOT(ISBLANK(A8)), ((_xlfn.XLOOKUP(A8,Index!$B$2:$B$103,Index!$F$2:$F$103,"Not Found"))*B8),"")}
C9: {=IF(NOT(ISBLANK($A9)), (_xlfn.XLOOKUP($A9,Index!$B$2:$B$103,Index!$C$2:$C$103,"Not Found")),"")} | D9: {=IF(NOT(ISBLANK(A9)), (_xlfn.XLOOKUP($A9,Index!$B$2:B$103,Index!$A$2:$A$103,"Not Found")),"")} | E9: {=IF(NOT(ISBLANK($A9)), (_xlfn.XLOOKUP($A9,Index!$B$2:$B$103,Index!$D$2:$D$103,"Not Found")),"")} | F9: {=IF(NOT(ISBLANK($A9)), (_xlfn.XLOOKUP($A9,Index!$B$2:$B$103,Index!$E$2:$E$103,"Not Found")),"")} | G9: {=IF(NOT(ISBLANK(A9)), ((_xlfn.XLOOKUP(A9,Index!$B$2:$B$103,Index!$F$2:$F$103,"Not Found"))*B9),"")} | M9: Common | N9: Uncommon | O9: Rare
C10: {=IF(NOT(ISBLANK($A10)), (_xlfn.XLOOKUP($A10,Index!$B$2:$B$103,Index!$C$2:$C$103,"Not Found")),"")} | D10: {=IF(NOT(ISBLANK(A10)), (_xlfn.XLOOKUP($A10,Index!$B$2:B$103,Index!$A$2:$A$103,"Not Found")),"")} | E10: {=IF(NOT(ISBLANK($A10)), (_xlfn.XLOOKUP($A10,Index!$B$2:$B$103,Index!$D$2:$D$103,"Not Found")),"")} | F10: {=IF(NOT(ISBLANK($A10)), (_xlfn.XLOOKUP($A10,Index!$B$2:$B$103,Index!$E$2:$E$103,"Not Found")),"")} | G10: {=IF(NOT(ISBLANK(A10)), ((_xlfn.XLOOKUP(A10,Index!$B$2:$B$103,Index!$F$2:$F$103,"Not Found"))*B10),"")} | K10: Trainer | L10: =SUM(M10:P10) -> 0 | M10: =IF(NOT(ISBLANK($K10)), SUMIFS($B$2:$B$32,$E$2:$E$32, "C", $C$2:$C$32,"T"), "") -> 0 | N10: =IF(NOT(ISBLANK($K10)), SUMIFS($B$2:$B$32,$E$2:$E$32, "U", $C$2:$C$32,"T"), "") -> 0 | O10: =IF(NOT(ISBLANK($K$2)), SUMIFS($B$2:$B$32,$E$2:$E$32, "R", $C$2:$C$32,"T"), "")
C11: {=IF(NOT(ISBLANK($A11)), (_xlfn.XLOOKUP($A11,Index!$B$2:$B$103,Index!$C$2:$C$103,"Not Found")),"")} | D11: {=IF(NOT(ISBLANK(A11)), (_xlfn.XLOOKUP($A11,Index!$B$2:B$103,Index!$A$2:$A$103,"Not Found")),"")} | E11: {=IF(NOT(ISBLANK($A11)), (_xlfn.XLOOKUP($A11,Index!$B$2:$B$103,Index!$D$2:$D$103,"Not Found")),"")} | F11: {=IF(NOT(ISBLANK($A11)), (_xlfn.XLOOKUP($A11,Index!$B$2:$B$103,Index!$E$2:$E$103,"Not Found")),"")} | G11: {=IF(NOT(ISBLANK(A11)), ((_xlfn.XLOOKUP(A11,Index!$B$2:$B$103,Index!$F$2:$F$103,"Not Found"))*B11),"")} | K11: Energy | L11: =IF(NOT(ISBLANK($K$2)), SUMIFS($B$2:$B$32, $C$2:$C$32,"Energy"), "")
C12: {=IF(NOT(ISBLANK($A12)), (_xlfn.XLOOKUP($A12,Index!$B$2:$B$103,Index!$C$2:$C$103,"Not Found")),"")} | D12: {=IF(NOT(ISBLANK(A12)), (_xlfn.XLOOKUP($A12,Index!$B$2:B$103,Index!$A$2:$A$103,"Not Found")),"")} | E12: {=IF(NOT(ISBLANK($A12)), (_xlfn.XLOOKUP($A12,Index!$B$2:$B$103,Index!$D$2:$D$103,"Not Found")),"")} | F12: {=IF(NOT(ISBLANK($A12)), (_xlfn.XLOOKUP($A12,Index!$B$2:$B$103,Index!$E$2:$E$103,"Not Found")),"")} | G12: {=IF(NOT(ISBLANK(A12)), ((_xlfn.XLOOKUP(A12,Index!$B$2:$B$103,Index!$F$2:$F$103,"Not Found"))*B12),"")} | K12: Pokemon | L12: =L7 -> 0
C13: {=IF(NOT(ISBLANK($A13)), (_xlfn.XLOOKUP($A13,Index!$B$2:$B$103,Index!$C$2:$C$103,"Not Found")),"")} | D13: {=IF(NOT(ISBLANK(A13)), (_xlfn.XLOOKUP($A13,Index!$B$2:B$103,Index!$A$2:$A$103,"Not Found")),"")} | E13: {=IF(NOT(ISBLANK($A13)), (_xlfn.XLOOKUP($A13,Index!$B$2:$B$103,Index!$D$2:$D$103,"Not Found")),"")} | F13: {=IF(NOT(ISBLANK($A13)), (_xlfn.XLOOKUP($A13,Index!$B$2:$B$103,Index!$E$2:$E$103,"Not Found")),"")} | G13: {=IF(NOT(ISBLANK(A13)), ((_xlfn.XLOOKUP(A13,Index!$B$2:$B$103,Index!$F$2:$F$103,"Not Found"))*B13),"")}
C14: {=IF(NOT(ISBLANK($A14)), (_xlfn.XLOOKUP($A14,Index!$B$2:$B$103,Index!$C$2:$C$103,"Not Found")),"")} | D14: {=IF(NOT(ISBLANK(A14)), (_xlfn.XLOOKUP($A14,Index!$B$2:B$103,Index!$A$2:$A$103,"Not Found")),"")} | E14: {=IF(NOT(ISBLANK($A14)), (_xlfn.XLOOKUP($A14,Index!$B$2:$B$103,Index!$D$2:$D$103,"Not Found")),"")} | F14: {=IF(NOT(ISBLANK($A14)), (_xlfn.XLOOKUP($A14,Index!$B$2:$B$103,Index!$E$2:$E$103,"Not Found")),"")} | G14: {=IF(NOT(ISBLANK(A14)), ((_xlfn.XLOOKUP(A14,Index!$B$2:$B$103,Index!$F$2:$F$103,"Not Found"))*B14),"")}
C15: {=IF(NOT(ISBLANK($A15)), (_xlfn.XLOOKUP($A15,Index!$B$2:$B$103,Index!$C$2:$C$103,"Not Found")),"")} | D15: {=IF(NOT(ISBLANK(A15)), (_xlfn.XLOOKUP($A15,Index!$B$2:B$103,Index!$A$2:$A$103,"Not Found")),"")} | E15: {=IF(NOT(ISBLANK($A15)), (_xlfn.XLOOKUP($A15,Index!$B$2:$B$103,Index!$D$2:$D$103,"Not Found")),"")} | F15: {=IF(NOT(ISBLANK($A15)), (_xlfn.XLOOKUP($A15,Index!$B$2:$B$103,Index!$E$2:$E$103,"Not Found")),"")} | G15: {=IF(NOT(ISBLANK(A15)), ((_xlfn.XLOOKUP(A15,Index!$B$2:$B$103,Index!$F$2:$F$103,"Not Found"))*B15),"")} | K15: Feature Weight:
C16: {=IF(NOT(ISBLANK($A16)), (_xlfn.XLOOKUP($A16,Index!$B$2:$B$103,Index!$C$2:$C$103,"Not Found")),"")} | D16: {=IF(NOT(ISBLANK(A16)), (_xlfn.XLOOKUP($A16,Index!$B$2:B$103,Index!$A$2:$A$103,"Not Found")),"")} | E16: {=IF(NOT(ISBLANK($A16)), (_xlfn.XLOOKUP($A16,Index!$B$2:$B$103,Index!$D$2:$D$103,"Not Found")),"")} | F16: {=IF(NOT(ISBLANK($A16)), (_xlfn.XLOOKUP($A16,Index!$B$2:$B$103,Index!$E$2:$E$103,"Not Found")),"")} | G16: {=IF(NOT(ISBLANK(A16)), ((_xlfn.XLOOKUP(A16,Index!$B$2:$B$103,Index!$F$2:$F$103,"Not Found"))*B16),"")} | K16: =K2 | L16: =IF(NOT(ISBLANK($K2)), SUMIFS($G$2:$G$32, $C$2:$C$32,$K2), "")
C17: {=IF(NOT(ISBLANK($A17)), (_xlfn.XLOOKUP($A17,Index!$B$2:$B$103,Index!$C$2:$C$103,"Not Found")),"")} | D17: {=IF(NOT(ISBLANK(A17)), (_xlfn.XLOOKUP($A17,Index!$B$2:B$103,Index!$A$2:$A$103,"Not Found")),"")} | E17: {=IF(NOT(ISBLANK($A17)), (_xlfn.XLOOKUP($A17,Index!$B$2:$B$103,Index!$D$2:$D$103,"Not Found")),"")} | F17: {=IF(NOT(ISBLANK($A17)), (_xlfn.XLOOKUP($A17,Index!$B$2:$B$103,Index!$E$2:$E$103,"Not Found")),"")} | G17: {=IF(NOT(ISBLANK(A17)), ((_xlfn.XLOOKUP(A17,Index!$B$2:$B$103,Index!$F$2:$F$103,"Not Found"))*B17),"")} | K17: =K3 | L17: =IF(NOT(ISBLANK($K3)), SUMIFS($G$2:$G$32, $C$2:$C$32,$K3), "")
C18: {=IF(NOT(ISBLANK($A18)), (_xlfn.XLOOKUP($A18,Index!$B$2:$B$103,Index!$C$2:$C$103,"Not Found")),"")} | D18: {=IF(NOT(ISBLANK(A18)), (_xlfn.XLOOKUP($A18,Index!$B$2:B$103,Index!$A$2:$A$103,"Not Found")),"")} | E18: {=IF(NOT(ISBLANK($A18)), (_xlfn.XLOOKUP($A18,Index!$B$2:$B$103,Index!$D$2:$D$103,"Not Found")),"")} | F18: {=IF(NOT(ISBLANK($A18)), (_xlfn.XLOOKUP($A18,Index!$B$2:$B$103,Index!$E$2:$E$103,"Not Found")),"")} | G18: {=IF(NOT(ISBLANK(A18)), ((_xlfn.XLOOKUP(A18,Index!$B$2:$B$103,Index!$F$2:$F$103,"Not Found"))*B18),"")} | K18: =K4 | L18: =IF(NOT(ISBLANK($K4)), SUMIFS($G$2:$G$32, $C$2:$C$32,$K4), "")
C19: {=IF(NOT(ISBLANK($A19)), (_xlfn.XLOOKUP($A19,Index!$B$2:$B$103,Index!$C$2:$C$103,"Not Found")),"")} | D19: {=IF(NOT(ISBLANK(A19)), (_xlfn.XLOOKUP($A19,Index!$B$2:B$103,Index!$A$2:$A$103,"Not Found")),"")} | E19: {=IF(NOT(ISBLANK($A19)), (_xlfn.XLOOKUP($A19,Index!$B$2:$B$103,Index!$D$2:$D$103,"Not Found")),"")} | F19: {=IF(NOT(ISBLANK($A19)), (_xlfn.XLOOKUP($A19,Index!$B$2:$B$103,Index!$E$2:$E$103,"Not Found")),"")} | G19: {=IF(NOT(ISBLANK(A19)), ((_xlfn.XLOOKUP(A19,Index!$B$2:$B$103,Index!$F$2:$F$103,"Not Found"))*B19),"")} | K19: =K5 | L19: =IF(NOT(ISBLANK($K5)), SUMIFS($G$2:$G$32, $C$2:$C$32,$K5), "")
C20: {=IF(NOT(ISBLANK($A20)), (_xlfn.XLOOKUP($A20,Index!$B$2:$B$103,Index!$C$2:$C$103,"Not Found")),"")} | D20: {=IF(NOT(ISBLANK(A20)), (_xlfn.XLOOKUP($A20,Index!$B$2:B$103,Index!$A$2:$A$103,"Not Found")),"")} | E20: {=IF(NOT(ISBLANK($A20)), (_xlfn.XLOOKUP($A20,Index!$B$2:$B$103,Index!$D$2:$D$103,"Not Found")),"")} | F20: {=IF(NOT(ISBLANK($A20)), (_xlfn.XLOOKUP($A20,Index!$B$2:$B$103,Index!$E$2:$E$103,"Not Found")),"")} | G20: {=IF(NOT(ISBLANK(A20)), ((_xlfn.XLOOKUP(A20,Index!$B$2:$B$103,Index!$F$2:$F$103,"Not Found"))*B20),"")} | K20: =K6
C21: {=IF(NOT(ISBLANK($A21)), (_xlfn.XLOOKUP($A21,Index!$B$2:$B$103,Index!$C$2:$C$103,"Not Found")),"")} | D21: {=IF(NOT(ISBLANK(A21)), (_xlfn.XLOOKUP($A21,Index!$B$2:B$103,Index!$A$2:$A$103,"Not Found")),"")} | E21: {=IF(NOT(ISBLANK($A21)), (_xlfn.XLOOKUP($A21,Index!$B$2:$B$103,Index!$D$2:$D$103,"Not Found")),"")} | F21: {=IF(NOT(ISBLANK($A21)), (_xlfn.XLOOKUP($A21,Index!$B$2:$B$103,Index!$E$2:$E$103,"Not Found")),"")} | G21: {=IF(NOT(ISBLANK(A21)), ((_xlfn.XLOOKUP(A21,Index!$B$2:$B$103,Index!$F$2:$F$103,"Not Found"))*B21),"")} | K21: Total: | L21: =SUM(G2:G46) -> 0
C22: {=IF(NOT(ISBLANK($A22)), (_xlfn.XLOOKUP($A22,Index!$B$2:$B$103,Index!$C$2:$C$103,"Not Found")),"")} | D22: {=IF(NOT(ISBLANK(A22)), (_xlfn.XLOOKUP($A22,Index!$B$2:B$103,Index!$A$2:$A$103,"Not Found")),"")} | E22: {=IF(NOT(ISBLANK($A22)), (_xlfn.XLOOKUP($A22,Index!$B$2:$B$103,Index!$D$2:$D$103,"Not Found")),"")} | F22: {=IF(NOT(ISBLANK($A22)), (_xlfn.XLOOKUP($A22,Index!$B$2:$B$103,Index!$E$2:$E$103,"Not Found")),"")} | G22: {=IF(NOT(ISBLANK(A22)), ((_xlfn.XLOOKUP(A22,Index!$B$2:$B$103,Index!$F$2:$F$103,"Not Found"))*B22),"")}
C23: {=IF(NOT(ISBLANK($A23)), (_xlfn.XLOOKUP($A23,Index!$B$2:$B$103,Index!$C$2:$C$103,"Not Found")),"")} | D23: {=IF(NOT(ISBLANK(A23)), (_xlfn.XLOOKUP($A23,Index!$B$2:B$103,Index!$A$2:$A$103,"Not Found")),"")} | E23: {=IF(NOT(ISBLANK($A23)), (_xlfn.XLOOKUP($A23,Index!$B$2:$B$103,Index!$D$2:$D$103,"Not Found")),"")} | F23: {=IF(NOT(ISBLANK($A23)), (_xlfn.XLOOKUP($A23,Index!$B$2:$B$103,Index!$E$2:$E$103,"Not Found")),"")} | G23: {=IF(NOT(ISBLANK(A23)), ((_xlfn.XLOOKUP(A23,Index!$B$2:$B$103,Index!$F$2:$F$103,"Not Found"))*B23),"")}
C24: {=IF(NOT(ISBLANK($A24)), (_xlfn.XLOOKUP($A24,Index!$B$2:$B$103,Index!$C$2:$C$103,"Not Found")),"")} | D24: {=IF(NOT(ISBLANK(A24)), (_xlfn.XLOOKUP($A24,Index!$B$2:B$103,Index!$A$2:$A$103,"Not Found")),"")} | E24: {=IF(NOT(ISBLANK($A24)), (_xlfn.XLOOKUP($A24,Index!$B$2:$B$103,Index!$D$2:$D$103,"Not Found")),"")} | F24: {=IF(NOT(ISBLANK($A24)), (_xlfn.XLOOKUP($A24,Index!$B$2:$B$103,Index!$E$2:$E$103,"Not Found")),"")} | G24: {=IF(NOT(ISBLANK(A24)), ((_xlfn.XLOOKUP(A24,Index!$B$2:$B$103,Index!$F$2:$F$103,"Not Found"))*B24),"")}
C25: {=IF(NOT(ISBLANK($A25)), (_xlfn.XLOOKUP($A25,Index!$B$2:$B$103,Index!$C$2:$C$103,"Not Found")),"")} | D25: {=IF(NOT(ISBLANK(A25)), (_xlfn.XLOOKUP($A25,Index!$B$2:B$103,Index!$A$2:$A$103,"Not Found")),"")} | E25: {=IF(NOT(ISBLANK($A25)), (_xlfn.XLOOKUP($A25,Index!$B$2:$B$103,Index!$D$2:$D$103,"Not Found")),"")} | F25: {=IF(NOT(ISBLANK($A25)), (_xlfn.XLOOKUP($A25,Index!$B$2:$B$103,Index!$E$2:$E$103,"Not Found")),"")} | G25: {=IF(NOT(ISBLANK(A25)), ((_xlfn.XLOOKUP(A25,Index!$B$2:$B$103,Index!$F$2:$F$103,"Not Found"))*B25),"")}
C26: {=IF(NOT(ISBLANK($A26)), (_xlfn.XLOOKUP($A26,Index!$B$2:$B$103,Index!$C$2:$C$103,"Not Found")),"")} | D26: {=IF(NOT(ISBLANK(A26)), (_xlfn.XLOOKUP($A26,Index!$B$2:B$103,Index!$A$2:$A$103,"Not Found")),"")} | E26: {=IF(NOT(ISBLANK($A26)), (_xlfn.XLOOKUP($A26,Index!$B$2:$B$103,Index!$D$2:$D$103,"Not Found")),"")} | F26: {=IF(NOT(ISBLANK($A26)), (_xlfn.XLOOKUP($A26,Index!$B$2:$B$103,Index!$E$2:$E$103,"Not Found")),"")} | G26: {=IF(NOT(ISBLANK(A26)), ((_xlfn.XLOOKUP(A26,Index!$B$2:$B$103,Index!$F$2:$F$103,"Not Found"))*B26),"")}
C27: {=IF(NOT(ISBLANK($A27)), (_xlfn.XLOOKUP($A27,Index!$B$2:$B$103,Index!$C$2:$C$103,"Not Found")),"")} | D27: {=IF(NOT(ISBLANK(A27)), (_xlfn.XLOOKUP($A27,Index!$B$2:B$103,Index!$A$2:$A$103,"Not Found")),"")} | E27: {=IF(NOT(ISBLANK($A27)), (_xlfn.XLOOKUP($A27,Index!$B$2:$B$103,Index!$D$2:$D$103,"Not Found")),"")} | F27: {=IF(NOT(ISBLANK($A27)), (_xlfn.XLOOKUP($A27,Index!$B$2:$B$103,Index!$E$2:$E$103,"Not Found")),"")} | G27: {=IF(NOT(ISBLANK(A27)), ((_xlfn.XLOOKUP(A27,Index!$B$2:$B$103,Index!$F$2:$F$103,"Not Found"))*B27),"")}
C28: {=IF(NOT(ISBLANK($A28)), (_xlfn.XLOOKUP($A28,Index!$B$2:$B$103,Index!$C$2:$C$103,"Not Found")),"")} | D28: {=IF(NOT(ISBLANK(A28)), (_xlfn.XLOOKUP($A28,Index!$B$2:B$103,Index!$A$2:$A$103,"Not Found")),"")} | E28: {=IF(NOT(ISBLANK($A28)), (_xlfn.XLOOKUP($A28,Index!$B$2:$B$103,Index!$D$2:$D$103,"Not Found")),"")} | F28: {=IF(NOT(ISBLANK($A28)), (_xlfn.XLOOKUP($A28,Index!$B$2:$B$103,Index!$E$2:$E$103,"Not Found")),"")} | G28: {=IF(NOT(ISBLANK(A28)), ((_xlfn.XLOOKUP(A28,Index!$B$2:$B$103,Index!$F$2:$F$103,"Not Found"))*B28),"")}
C29: {=IF(NOT(ISBLANK($A29)), (_xlfn.XLOOKUP($A29,Index!$B$2:$B$103,Index!$C$2:$C$103,"Not Found")),"")} | D29: {=IF(NOT(ISBLANK(A29)), (_xlfn.XLOOKUP($A29,Index!$B$2:B$103,Index!$A$2:$A$103,"Not Found")),"")} | E29: {=IF(NOT(ISBLANK($A29)), (_xlfn.XLOOKUP($A29,Index!$B$2:$B$103,Index!$D$2:$D$103,"Not Found")),"")} | F29: {=IF(NOT(ISBLANK($A29)), (_xlfn.XLOOKUP($A29,Index!$B$2:$B$103,Index!$E$2:$E$103,"Not Found")),"")} | G29: {=IF(NOT(ISBLANK(A29)), ((_xlfn.XLOOKUP(A29,Index!$B$2:$B$103,Index!$F$2:$F$103,"Not Found"))*B29),"")}
C30: {=IF(NOT(ISBLANK($A30)), (_xlfn.XLOOKUP($A30,Index!$B$2:$B$103,Index!$C$2:$C$103,"Not Found")),"")} | D30: {=IF(NOT(ISBLANK(A30)), (_xlfn.XLOOKUP($A30,Index!$B$2:B$103,Index!$A$2:$A$103,"Not Found")),"")} | E30: {=IF(NOT(ISBLANK($A30)), (_xlfn.XLOOKUP($A30,Index!$B$2:$B$103,Index!$D$2:$D$103,"Not Found")),"")} | F30: {=IF(NOT(ISBLANK($A30)), (_xlfn.XLOOKUP($A30,Index!$B$2:$B$103,Index!$E$2:$E$103,"Not Found")),"")} | G30: {=IF(NOT(ISBLANK(A30)), ((_xlfn.XLOOKUP(A30,Index!$B$2:$B$103,Index!$F$2:$F$103,"Not Found"))*B30),"")}
C31: {=IF(NOT(ISBLANK($A31)), (_xlfn.XLOOKUP($A31,Index!$B$2:$B$103,Index!$C$2:$C$103,"Not Found")),"")} | D31: {=IF(NOT(ISBLANK(A31)), (_xlfn.XLOOKUP($A31,Index!$B$2:B$103,Index!$A$2:$A$103,"Not Found")),"")} | E31: {=IF(NOT(ISBLANK($A31)), (_xlfn.XLOOKUP($A31,Index!$B$2:$B$103,Index!$D$2:$D$103,"Not Found")),"")} | F31: {=IF(NOT(ISBLANK($A31)), (_xlfn.XLOOKUP($A31,Index!$B$2:$B$103,Index!$E$2:$E$103,"Not Found")),"")} | G31: {=IF(NOT(ISBLANK(A31)), ((_xlfn.XLOOKUP(A31,Index!$B$2:$B$103,Index!$F$2:$F$103,"Not Found"))*B31),"")}
C32: {=IF(NOT(ISBLANK($A32)), (_xlfn.XLOOKUP($A32,Index!$B$2:$B$103,Index!$C$2:$C$103,"Not Found")),"")} | D32: {=IF(NOT(ISBLANK(A32)), (_xlfn.XLOOKUP($A32,Index!$B$2:B$103,Index!$A$2:$A$103,"Not Found")),"")} | E32: {=IF(NOT(ISBLANK($A32)), (_xlfn.XLOOKUP($A32,Index!$B$2:$B$103,Index!$D$2:$D$103,"Not Found")),"")} | F32: {=IF(NOT(ISBLANK($A32)), (_xlfn.XLOOKUP($A32,Index!$B$2:$B$103,Index!$E$2:$E$103,"Not Found")),"")} | G32: {=IF(NOT(ISBLANK(A32)), ((_xlfn.XLOOKUP(A32,Index!$B$2:$B$103,Index!$F$2:$F$103,"Not Found"))*B32),"")}
C33: {=IF(NOT(ISBLANK($A33)), (_xlfn.XLOOKUP($A33,Index!$B$2:$B$103,Index!$C$2:$C$103,"Not Found")),"")} | D33: {=IF(NOT(ISBLANK(A33)), (_xlfn.XLOOKUP($A33,Index!$B$2:B$103,Index!$A$2:$A$103,"Not Found")),"")} | E33: {=IF(NOT(ISBLANK($A33)), (_xlfn.XLOOKUP($A33,Index!$B$2:$B$103,Index!$D$2:$D$103,"Not Found")),"")} | F33: {=IF(NOT(ISBLANK($A33)), (_xlfn.XLOOKUP($A33,Index!$B$2:$B$103,Index!$E$2:$E$103,"Not Found")),"")} | G33: {=IF(NOT(ISBLANK(A33)), ((_xlfn.XLOOKUP(A33,Index!$B$2:$B$103,Index!$F$2:$F$103,"Not Found"))*B33),"")}
... C36: {=IF(NOT(ISBLANK($A36)), (_xlfn.XLOOKUP($A36,Index!$B$2:$B$103,Index!$C$2:$C$103,"Not Found")),"")} | D36: {=IF(NOT(ISBLANK(A36)), (_xlfn.XLOOKUP($A36,Index!$B$2:B$103,Index!$A$2:$A$103,"Not Found")),"")} | E36: {=IF(NOT(ISBLANK($A36)), (_xlfn.XLOOKUP($A36,Index!$B$2:$B$103,Index!$D$2:$D$103,"Not Found")),"")} | F36: {=IF(NOT(ISBLANK($A36)), (_xlfn.XLOOKUP($A36,Index!$B$2:$B$103,Index!$E$2:$E$103,"Not Found")),"")} | G36: {=IF(NOT(ISBLANK(A36)), ((_xlfn.XLOOKUP(A36,Index!$B$2:$B$103,Index!$F$2:$F$103,"Not Found"))*B36),"")}
C37: {=IF(NOT(ISBLANK($A37)), (_xlfn.XLOOKUP($A37,Index!$B$2:$B$103,Index!$C$2:$C$103,"Not Found")),"")} | D37: {=IF(NOT(ISBLANK(A37)), (_xlfn.XLOOKUP($A37,Index!$B$2:B$103,Index!$A$2:$A$103,"Not Found")),"")} | E37: {=IF(NOT(ISBLANK($A37)), (_xlfn.XLOOKUP($A37,Index!$B$2:$B$103,Index!$D$2:$D$103,"Not Found")),"")} | F37: {=IF(NOT(ISBLANK($A37)), (_xlfn.XLOOKUP($A37,Index!$B$2:$B$103,Index!$E$2:$E$103,"Not Found")),"")}
D38: {=IF(NOT(ISBLANK(A38)), (_xlfn.XLOOKUP(A38,Index!$B$2:B$103,Index!$A$2:$A$103,"Not Found")),"")} | E38: {=IF(NOT(ISBLANK($A38)), (_xlfn.XLOOKUP($A38,Index!$B$2:$B$103,Index!$D$2:$D$103,"Not Found")),"")}
D39: {=IF(NOT(ISBLANK(A39)), (_xlfn.XLOOKUP(A39,Index!$B$2:B$103,Index!$A$2:$A$103,"Not Found")),"")} | E39: {=IF(NOT(ISBLANK($A39)), (_xlfn.XLOOKUP($A39,Index!$B$2:$B$103,Index!$D$2:$D$103,"Not Found")),"")}
D40: {=IF(NOT(ISBLANK(A40)), (_xlfn.XLOOKUP(A40,Index!B$2:B$103,Index!A$2:A$103,"Not Found")),"")} | E40: {=IF(NOT(ISBLANK($A40)), (_xlfn.XLOOKUP($A40,Index!$B$2:$B$103,Index!$D$2:$D$103,"Not Found")),"")}
D41: {=IF(NOT(ISBLANK(A41)), (_xlfn.XLOOKUP(A41,Index!B$2:B$103,Index!A$2:A$103,"Not Found")),"")}

Sheet B1 T2-1
A1: Card | B1: Quantity | C1: Type | D1: ID | E1: Stage / Rarity | F1: Remaining Evo | G1: Feature Weight | I1: Card Total | K1: Type | L1: Num | M1: Basic | N1: S1 Max | O1: S1 Mid | P1: S2 | Q1: No Evolve
A2: Sandshrew | B2: 1 | C2: {=IF(NOT(ISBLANK($A2)), (_xlfn.XLOOKUP($A2,Index!$B$2:$B$103,Index!$C$2:$C$103,"Not Found")),"")} -> F | D2: {=IF(NOT(ISBLANK(A2)), (_xlfn.XLOOKUP($A2,Index!$B$2:B$103,Index!$A$2:$A$103,"Not Found")),"")} -> base1-62 | E2: {=IF(NOT(ISBLANK($A2)), (_xlfn.XLOOKUP($A2,Index!$B$2:$B$103,Index!$D$2:$D$103,"Not Found")),"")} -> b | F2: {=IF(NOT(ISBLANK($A2)), (_xlfn.XLOOKUP($A2,Index!$B$2:$B$103,Index!$E$2:$E$103,"Not Found")),"")} -> y | G2: {=IF(NOT(ISBLANK(A2)), ((_xlfn.XLOOKUP(A2,Index!$B$2:$B$103,Index!$F$2:$F$103,"Not Found"))*B2),"")} -> 0 | I2: =SUM(B2:B38) -> 60 | K2: F | L2: =IF(NOT(ISBLANK(K2)), SUM(M2:P2), "") -> 11 | M2: =IF(NOT(ISBLANK($K2)), SUMIFS($B$2:$B$32, $E$2:$E$32, "B", $C$2:$C$32,$K2), "") -> 8 | N2: =IF(NOT(ISBLANK($K2)),SUMIFS($B$2:$B$32,$E$2:$E$32, "1", $C$2:$C$32,$K2,$F$2:$F$32,"N"), "") -> 1 | O2: =IF(NOT(ISBLANK($K2)),SUMIFS($B$2:$B$32,$E$2:$E$32, "1", $C$2:$C$32,$K2,$F$2:$F$32,"Y"), "") -> 2 | P2: =IF(NOT(ISBLANK($K2)),SUMIFS($B$2:$B$32,$E$2:$E$32, "2", $C$2:$C$32,$K2), "") -> 0 | Q2: =IF(NOT(ISBLANK($K2)),SUMIFS($B$2:$B$32,$E$2:$E$32, "B", $C$2:$C$32,$K2,$F$2:$F$32,"N"), "") -> 2
A3: Rattata | B3: 2 | C3: {=IF(NOT(ISBLANK($A3)), (_xlfn.XLOOKUP($A3,Index!$B$2:$B$103,Index!$C$2:$C$103,"Not Found")),"")} -> C | D3: {=IF(NOT(ISBLANK(A3)), (_xlfn.XLOOKUP($A3,Index!$B$2:B$103,Index!$A$2:$A$103,"Not Found")),"")} -> base1-61 | E3: {=IF(NOT(ISBLANK($A3)), (_xlfn.XLOOKUP($A3,Index!$B$2:$B$103,Index!$D$2:$D$103,"Not Found")),"")} -> b | F3: {=IF(NOT(ISBLANK($A3)), (_xlfn.XLOOKUP($A3,Index!$B$2:$B$103,Index!$E$2:$E$103,"Not Found")),"")} -> y | G3: {=IF(NOT(ISBLANK(A3)), ((_xlfn.XLOOKUP(A3,Index!$B$2:$B$103,Index!$F$2:$F$103,"Not Found"))*B3),"")} -> 0 | K3: W | L3: =IF(NOT(ISBLANK(K3)), SUM(M3:P3), "") -> 8 | M3: =IF(NOT(ISBLANK($K3)), SUMIFS($B$2:$B$32, $E$2:$E$32, "B", $C$2:$C$32,$K3), "") -> 5 | N3: =IF(NOT(ISBLANK($K3)),SUMIFS($B$2:$B$32,$E$2:$E$32, "1", $C$2:$C$32,$K3,$F$2:$F$32,"N"), "") -> 2 | O3: =IF(NOT(ISBLANK($K3)),SUMIFS($B$2:$B$32,$E$2:$E$32, "1", $C$2:$C$32,$K3,$F$2:$F$32,"Y"), "") -> 1 | P3: =IF(NOT(ISBLANK($K3)),SUMIFS($B$2:$B$32,$E$2:$E$32, "2", $C$2:$C$32,$K3), "") -> 0 | Q3: =IF(NOT(ISBLANK($K3)),SUMIFS($B$2:$B$32,$E$2:$E$32, "B", $C$2:$C$32,$K3,$F$2:$F$32,"N"), "") -> 0
A4: Machop | B4: 3 | C4: {=IF(NOT(ISBLANK($A4)), (_xlfn.XLOOKUP($A4,Index!$B$2:$B$103,Index!$C$2:$C$103,"Not Found")),"")} -> F | D4: {=IF(NOT(ISBLANK(A4)), (_xlfn.XLOOKUP($A4,Index!$B$2:B$103,Index!$A$2:$A$103,"Not Found")),"")} -> base1-52 | E4: {=IF(NOT(ISBLANK($A4)), (_xlfn.XLOOKUP($A4,Index!$B$2:$B$103,Index!$D$2:$D$103,"Not Found")),"")} -> b | F4: {=IF(NOT(ISBLANK($A4)), (_xlfn.XLOOKUP($A4,Index!$B$2:$B$103,Index!$E$2:$E$103,"Not Found")),"")} -> y | G4: {=IF(NOT(ISBLANK(A4)), ((_xlfn.XLOOKUP(A4,Index!$B$2:$B$103,Index!$F$2:$F$103,"Not Found"))*B4),"")} -> 0 | K4: C | L4: =IF(NOT(ISBLANK(K4)), SUM(M4:P4), "") -> 3 | M4: =IF(NOT(ISBLANK($K4)), SUMIFS($B$2:$B$32, $E$2:$E$32, "B", $C$2:$C$32,$K4), "") -> 2 | N4: =IF(NOT(ISBLANK($K4)),SUMIFS($B$2:$B$32,$E$2:$E$32, "1", $C$2:$C$32,$K4,$F$2:$F$32,"N"), "") -> 1 | O4: =IF(NOT(ISBLANK($K4)),SUMIFS($B$2:$B$32,$E$2:$E$32, "1", $C$2:$C$32,$K4,$F$2:$F$32,"Y"), "") -> 0 | P4: =IF(NOT(ISBLANK($K4)),SUMIFS($B$2:$B$32,$E$2:$E$32, "2", $C$2:$C$32,$K4), "") -> 0 | Q4: =IF(NOT(ISBLANK($K4)),SUMIFS($B$2:$B$32,$E$2:$E$32, "B", $C$2:$C$32,$K4,$F$2:$F$32,"N"), "") -> 0
A5: Machoke | B5: 2 | C5: {=IF(NOT(ISBLANK($A5)), (_xlfn.XLOOKUP($A5,Index!$B$2:$B$103,Index!$C$2:$C$103,"Not Found")),"")} -> F | D5: {=IF(NOT(ISBLANK(A5)), (_xlfn.XLOOKUP($A5,Index!$B$2:B$103,Index!$A$2:$A$103,"Not Found")),"")} -> base1-34 | E5: {=IF(NOT(ISBLANK($A5)), (_xlfn.XLOOKUP($A5,Index!$B$2:$B$103,Index!$D$2:$D$103,"Not Found")),"")} -> 1 | F5: {=IF(NOT(ISBLANK($A5)), (_xlfn.XLOOKUP($A5,Index!$B$2:$B$103,Index!$E$2:$E$103,"Not Found")),"")} -> y | G5: {=IF(NOT(ISBLANK(A5)), ((_xlfn.XLOOKUP(A5,Index!$B$2:$B$103,Index!$F$2:$F$103,"Not Found"))*B5),"")} -> 0 | L5: =IF(NOT(ISBLANK(K5)), SUM(M5:P5), "") | M5: =IF(NOT(ISBLANK($K5)), SUMIFS($B$2:$B$32, $E$2:$E$32, "B", $C$2:$C$32,$K5), "") | N5: =IF(NOT(ISBLANK($K5)),SUMIFS($B$2:$B$32,$E$2:$E$32, "1", $C$2:$C$32,$K5,$F$2:$F$32,"N"), "") | O5: =IF(NOT(ISBLANK($K5)),SUMIFS($B$2:$B$32,$E$2:$E$32, "1", $C$2:$C$32,$K5,$F$2:$F$32,"Y"), "") | P5: =IF(NOT(ISBLANK($K5)),SUMIFS($B$2:$B$32,$E$2:$E$32, "2", $C$2:$C$32,$K5), "") | Q5: =IF(NOT(ISBLANK($K5)),SUMIFS($B$2:$B$32,$E$2:$E$32, "B", $C$2:$C$32,$K5,$F$2:$F$32,"N"), "")
A6: Hitmonchan | B6: 2 | C6: {=IF(NOT(ISBLANK($A6)), (_xlfn.XLOOKUP($A6,Index!$B$2:$B$103,Index!$C$2:$C$103,"Not Found")),"")} -> F | D6: {=IF(NOT(ISBLANK(A6)), (_xlfn.XLOOKUP($A6,Index!$B$2:B$103,Index!$A$2:$A$103,"Not Found")),"")} -> base1-7 | E6: {=IF(NOT(ISBLANK($A6)), (_xlfn.XLOOKUP($A6,Index!$B$2:$B$103,Index!$D$2:$D$103,"Not Found")),"")} -> b | F6: {=IF(NOT(ISBLANK($A6)), (_xlfn.XLOOKUP($A6,Index!$B$2:$B$103,Index!$E$2:$E$103,"Not Found")),"")} -> n | G6: {=IF(NOT(ISBLANK(A6)), ((_xlfn.XLOOKUP(A6,Index!$B$2:$B$103,Index!$F$2:$F$103,"Not Found"))*B6),"")} -> 2 | L6: =IF(NOT(ISBLANK(K6)), SUM(M6:P6), "") | M6: =IF(NOT(ISBLANK($K6)), COUNTIFS($E$2:$E$32, "B", $C$2:$C$32,$K6), "") | N6: =IF(NOT(ISBLANK(K6)),COUNTIFS($E$2:$E$32, "1", $C$2:$C$32,$K6,$F$2:$F$32,"N"), "") | O6: =IF(NOT(ISBLANK($K6)),COUNTIFS($E$2:$E$32, "1", $C$2:$C$32,$K6,$F$2:$F$32,"Y"), "") | P6: =IF(NOT(ISBLANK($K6)),COUNTIFS($E$2:$E$32, "2", $C$2:$C$32,$K6), "") | Q6: =IF(NOT(ISBLANK($K6)),COUNTIFS($E$2:$E$32, "B", $C$2:$C$32,$K6,$F$2:$F$32,"N"), "")
A7: Diglett | B7: 2 | C7: {=IF(NOT(ISBLANK($A7)), (_xlfn.XLOOKUP($A7,Index!$B$2:$B$103,Index!$C$2:$C$103,"Not Found")),"")} -> F | D7: {=IF(NOT(ISBLANK(A7)), (_xlfn.XLOOKUP($A7,Index!$B$2:B$103,Index!$A$2:$A$103,"Not Found")),"")} -> base1-47 | E7: {=IF(NOT(ISBLANK($A7)), (_xlfn.XLOOKUP($A7,Index!$B$2:$B$103,Index!$D$2:$D$103,"Not Found")),"")} -> b | F7: {=IF(NOT(ISBLANK($A7)), (_xlfn.XLOOKUP($A7,Index!$B$2:$B$103,Index!$E$2:$E$103,"Not Found")),"")} -> y | G7: {=IF(NOT(ISBLANK(A7)), ((_xlfn.XLOOKUP(A7,Index!$B$2:$B$103,Index!$F$2:$F$103,"Not Found"))*B7),"")} -> 0 | K7: Total | L7: =SUM(L2:L6) -> 22 | M7: =SUM(M2:M6) -> 15 | N7: =SUM(N2:N6) -> 4 | O7: =SUM(O2:O6) -> 3 | P7: =SUM(P2:P6) -> 0 | Q7: =SUM(Q2:Q6) -> 2
A8: Dugtrio | B8: 1 | C8: {=IF(NOT(ISBLANK($A8)), (_xlfn.XLOOKUP($A8,Index!$B$2:$B$103,Index!$C$2:$C$103,"Not Found")),"")} -> F | D8: {=IF(NOT(ISBLANK(A8)), (_xlfn.XLOOKUP($A8,Index!$B$2:B$103,Index!$A$2:$A$103,"Not Found")),"")} -> base1-19 | E8: {=IF(NOT(ISBLANK($A8)), (_xlfn.XLOOKUP($A8,Index!$B$2:$B$103,Index!$D$2:$D$103,"Not Found")),"")} -> 1 | F8: {=IF(NOT(ISBLANK($A8)), (_xlfn.XLOOKUP($A8,Index!$B$2:$B$103,Index!$E$2:$E$103,"Not Found")),"")} -> n | G8: {=IF(NOT(ISBLANK(A8)), ((_xlfn.XLOOKUP(A8,Index!$B$2:$B$103,Index!$F$2:$F$103,"Not Found"))*B8),"")} -> 2
A9: Staryu | B9: 3 | C9: {=IF(NOT(ISBLANK($A9)), (_xlfn.XLOOKUP($A9,Index!$B$2:$B$103,Index!$C$2:$C$103,"Not Found")),"")} -> W | D9: {=IF(NOT(ISBLANK(A9)), (_xlfn.XLOOKUP($A9,Index!$B$2:B$103,Index!$A$2:$A$103,"Not Found")),"")} -> base1-65 | E9: {=IF(NOT(ISBLANK($A9)), (_xlfn.XLOOKUP($A9,Index!$B$2:$B$103,Index!$D$2:$D$103,"Not Found")),"")} -> b | F9: {=IF(NOT(ISBLANK($A9)), (_xlfn.XLOOKUP($A9,Index!$B$2:$B$103,Index!$E$2:$E$103,"Not Found")),"")} -> y | G9: {=IF(NOT(ISBLANK(A9)), ((_xlfn.XLOOKUP(A9,Index!$B$2:$B$103,Index!$F$2:$F$103,"Not Found"))*B9),"")} -> 0 | M9: Common | N9: Uncommon | O9: Rare
A10: Starmie | B10: 2 | C10: {=IF(NOT(ISBLANK($A10)), (_xlfn.XLOOKUP($A10,Index!$B$2:$B$103,Index!$C$2:$C$103,"Not Found")),"")} -> W | D10: {=IF(NOT(ISBLANK(A10)), (_xlfn.XLOOKUP($A10,Index!$B$2:B$103,Index!$A$2:$A$103,"Not Found")),"")} -> base1-64 | E10: {=IF(NOT(ISBLANK($A10)), (_xlfn.XLOOKUP($A10,Index!$B$2:$B$103,Index!$D$2:$D$103,"Not Found")),"")} -> 1 | F10: {=IF(NOT(ISBLANK($A10)), (_xlfn.XLOOKUP($A10,Index!$B$2:$B$103,Index!$E$2:$E$103,"Not Found")),"")} -> n | G10: {=IF(NOT(ISBLANK(A10)), ((_xlfn.XLOOKUP(A10,Index!$B$2:$B$103,Index!$F$2:$F$103,"Not Found"))*B10),"")} -> 3 | K10: Trainer | L10: =SUM(M10:P10) -> 10 | M10: =IF(NOT(ISBLANK($K10)), SUMIFS($B$2:$B$32,$E$2:$E$32, "C", $C$2:$C$32,"T"), "") -> 6 | N10: =IF(NOT(ISBLANK($K10)), SUMIFS($B$2:$B$32,$E$2:$E$32, "U", $C$2:$C$32,"T"), "") -> 3 | O10: =IF(NOT(ISBLANK($K$2)), SUMIFS($B$2:$B$32,$E$2:$E$32, "R", $C$2:$C$32,"T"), "") -> 1
A11: Raticate | B11: 1 | C11: {=IF(NOT(ISBLANK($A11)), (_xlfn.XLOOKUP($A11,Index!$B$2:$B$103,Index!$C$2:$C$103,"Not Found")),"")} -> C | D11: {=IF(NOT(ISBLANK(A11)), (_xlfn.XLOOKUP($A11,Index!$B$2:B$103,Index!$A$2:$A$103,"Not Found")),"")} -> base1-40 | E11: {=IF(NOT(ISBLANK($A11)), (_xlfn.XLOOKUP($A11,Index!$B$2:$B$103,Index!$D$2:$D$103,"Not Found")),"")} -> 1 | F11: {=IF(NOT(ISBLANK($A11)), (_xlfn.XLOOKUP($A11,Index!$B$2:$B$103,Index!$E$2:$E$103,"Not Found")),"")} -> n | G11: {=IF(NOT(ISBLANK(A11)), ((_xlfn.XLOOKUP(A11,Index!$B$2:$B$103,Index!$F$2:$F$103,"Not Found"))*B11),"")} -> 0 | K11: Energy | L11: =IF(NOT(ISBLANK($K$2)), SUMIFS($B$2:$B$32, $C$2:$C$32,"Energy"), "") -> 28
A12: Squirtle | B12: 2 | C12: {=IF(NOT(ISBLANK($A12)), (_xlfn.XLOOKUP($A12,Index!$B$2:$B$103,Index!$C$2:$C$103,"Not Found")),"")} -> W | D12: {=IF(NOT(ISBLANK(A12)), (_xlfn.XLOOKUP($A12,Index!$B$2:B$103,Index!$A$2:$A$103,"Not Found")),"")} -> base1-63 | E12: {=IF(NOT(ISBLANK($A12)), (_xlfn.XLOOKUP($A12,Index!$B$2:$B$103,Index!$D$2:$D$103,"Not Found")),"")} -> b | F12: {=IF(NOT(ISBLANK($A12)), (_xlfn.XLOOKUP($A12,Index!$B$2:$B$103,Index!$E$2:$E$103,"Not Found")),"")} -> y | G12: {=IF(NOT(ISBLANK(A12)), ((_xlfn.XLOOKUP(A12,Index!$B$2:$B$103,Index!$F$2:$F$103,"Not Found"))*B12),"")} -> 0 | K12: Pokemon | L12: =L7 -> 22
A13: Wartortle | B13: 1 | C13: {=IF(NOT(ISBLANK($A13)), (_xlfn.XLOOKUP($A13,Index!$B$2:$B$103,Index!$C$2:$C$103,"Not Found")),"")} -> W | D13: {=IF(NOT(ISBLANK(A13)), (_xlfn.XLOOKUP($A13,Index!$B$2:B$103,Index!$A$2:$A$103,"Not Found")),"")} -> base1-42 | E13: {=IF(NOT(ISBLANK($A13)), (_xlfn.XLOOKUP($A13,Index!$B$2:$B$103,Index!$D$2:$D$103,"Not Found")),"")} -> 1 | F13: {=IF(NOT(ISBLANK($A13)), (_xlfn.XLOOKUP($A13,Index!$B$2:$B$103,Index!$E$2:$E$103,"Not Found")),"")} -> y | G13: {=IF(NOT(ISBLANK(A13)), ((_xlfn.XLOOKUP(A13,Index!$B$2:$B$103,Index!$F$2:$F$103,"Not Found"))*B13),"")} -> 0
A14: Fighting Energy | B14: 16 | C14: {=IF(NOT(ISBLANK($A14)), (_xlfn.XLOOKUP($A14,Index!$B$2:$B$103,Index!$C$2:$C$103,"Not Found")),"")} -> Energy | D14: {=IF(NOT(ISBLANK(A14)), (_xlfn.XLOOKUP($A14,Index!$B$2:B$103,Index!$A$2:$A$103,"Not Found")),"")} -> base1-97 | E14: {=IF(NOT(ISBLANK($A14)), (_xlfn.XLOOKUP($A14,Index!$B$2:$B$103,Index!$D$2:$D$103,"Not Found")),"")} | F14: {=IF(NOT(ISBLANK($A14)), (_xlfn.XLOOKUP($A14,Index!$B$2:$B$103,Index!$E$2:$E$103,"Not Found")),"")} | G14: {=IF(NOT(ISBLANK(A14)), ((_xlfn.XLOOKUP(A14,Index!$B$2:$B$103,Index!$F$2:$F$103,"Not Found"))*B14),"")} -> 0
A15: Water Energy | B15: 12 | C15: {=IF(NOT(ISBLANK($A15)), (_xlfn.XLOOKUP($A15,Index!$B$2:$B$103,Index!$C$2:$C$103,"Not Found")),"")} -> Energy | D15: {=IF(NOT(ISBLANK(A15)), (_xlfn.XLOOKUP($A15,Index!$B$2:B$103,Index!$A$2:$A$103,"Not Found")),"")} -> base1-102 | E15: {=IF(NOT(ISBLANK($A15)), (_xlfn.XLOOKUP($A15,Index!$B$2:$B$103,Index!$D$2:$D$103,"Not Found")),"")} | F15: {=IF(NOT(ISBLANK($A15)), (_xlfn.XLOOKUP($A15,Index!$B$2:$B$103,Index!$E$2:$E$103,"Not Found")),"")} | G15: {=IF(NOT(ISBLANK(A15)), ((_xlfn.XLOOKUP(A15,Index!$B$2:$B$103,Index!$F$2:$F$103,"Not Found"))*B15),"")} -> 0 | K15: Feature Weight:
A16: Computer Search | B16: 1 | C16: {=IF(NOT(ISBLANK($A16)), (_xlfn.XLOOKUP($A16,Index!$B$2:$B$103,Index!$C$2:$C$103,"Not Found")),"")} -> T | D16: {=IF(NOT(ISBLANK(A16)), (_xlfn.XLOOKUP($A16,Index!$B$2:B$103,Index!$A$2:$A$103,"Not Found")),"")} -> base1-71 | E16: {=IF(NOT(ISBLANK($A16)), (_xlfn.XLOOKUP($A16,Index!$B$2:$B$103,Index!$D$2:$D$103,"Not Found")),"")} -> r | F16: {=IF(NOT(ISBLANK($A16)), (_xlfn.XLOOKUP($A16,Index!$B$2:$B$103,Index!$E$2:$E$103,"Not Found")),"")} | G16: {=IF(NOT(ISBLANK(A16)), ((_xlfn.XLOOKUP(A16,Index!$B$2:$B$103,Index!$F$2:$F$103,"Not Found"))*B16),"")} -> 0 | K16: =K2 -> F | L16: =IF(NOT(ISBLANK($K2)), SUMIFS($G$2:$G$32, $C$2:$C$32,$K2), "") -> 4
A17: Professor Oak | B17: 1 | C17: {=IF(NOT(ISBLANK($A17)), (_xlfn.XLOOKUP($A17,Index!$B$2:$B$103,Index!$C$2:$C$103,"Not Found")),"")} -> T | D17: {=IF(NOT(ISBLANK(A17)), (_xlfn.XLOOKUP($A17,Index!$B$2:B$103,Index!$A$2:$A$103,"Not Found")),"")} -> base1-88 | E17: {=IF(NOT(ISBLANK($A17)), (_xlfn.XLOOKUP($A17,Index!$B$2:$B$103,Index!$D$2:$D$103,"Not Found")),"")} -> u | F17: {=IF(NOT(ISBLANK($A17)), (_xlfn.XLOOKUP($A17,Index!$B$2:$B$103,Index!$E$2:$E$103,"Not Found")),"")} | G17: {=IF(NOT(ISBLANK(A17)), ((_xlfn.XLOOKUP(A17,Index!$B$2:$B$103,Index!$F$2:$F$103,"Not Found"))*B17),"")} -> 0 | K17: =K3 -> W | L17: =IF(NOT(ISBLANK($K3)), SUMIFS($G$2:$G$32, $C$2:$C$32,$K3), "") -> 3
A18: Energy Retrieval | B18: 1 | C18: {=IF(NOT(ISBLANK($A18)), (_xlfn.XLOOKUP($A18,Index!$B$2:$B$103,Index!$C$2:$C$103,"Not Found")),"")} -> T | D18: {=IF(NOT(ISBLANK(A18)), (_xlfn.XLOOKUP($A18,Index!$B$2:B$103,Index!$A$2:$A$103,"Not Found")),"")} -> base1-81 | E18: {=IF(NOT(ISBLANK($A18)), (_xlfn.XLOOKUP($A18,Index!$B$2:$B$103,Index!$D$2:$D$103,"Not Found")),"")} -> u | F18: {=IF(NOT(ISBLANK($A18)), (_xlfn.XLOOKUP($A18,Index!$B$2:$B$103,Index!$E$2:$E$103,"Not Found")),"")} | G18: {=IF(NOT(ISBLANK(A18)), ((_xlfn.XLOOKUP(A18,Index!$B$2:$B$103,Index!$F$2:$F$103,"Not Found"))*B18),"")} -> 0 | K18: =K4 -> C | L18: =IF(NOT(ISBLANK($K4)), SUMIFS($G$2:$G$32, $C$2:$C$32,$K4), "") -> 0
A19: Bill | B19: 2 | C19: {=IF(NOT(ISBLANK($A19)), (_xlfn.XLOOKUP($A19,Index!$B$2:$B$103,Index!$C$2:$C$103,"Not Found")),"")} -> T | D19: {=IF(NOT(ISBLANK(A19)), (_xlfn.XLOOKUP($A19,Index!$B$2:B$103,Index!$A$2:$A$103,"Not Found")),"")} -> base1-91 | E19: {=IF(NOT(ISBLANK($A19)), (_xlfn.XLOOKUP($A19,Index!$B$2:$B$103,Index!$D$2:$D$103,"Not Found")),"")} -> c | F19: {=IF(NOT(ISBLANK($A19)), (_xlfn.XLOOKUP($A19,Index!$B$2:$B$103,Index!$E$2:$E$103,"Not Found")),"")} | G19: {=IF(NOT(ISBLANK(A19)), ((_xlfn.XLOOKUP(A19,Index!$B$2:$B$103,Index!$F$2:$F$103,"Not Found"))*B19),"")} -> 0 | K19: =K5 | L19: =IF(NOT(ISBLANK($K5)), SUMIFS($G$2:$G$32, $C$2:$C$32,$K5), "")
A20: Potion | B20: 2 | C20: {=IF(NOT(ISBLANK($A20)), (_xlfn.XLOOKUP($A20,Index!$B$2:$B$103,Index!$C$2:$C$103,"Not Found")),"")} -> T | D20: {=IF(NOT(ISBLANK(A20)), (_xlfn.XLOOKUP($A20,Index!$B$2:B$103,Index!$A$2:$A$103,"Not Found")),"")} -> base1-94 | E20: {=IF(NOT(ISBLANK($A20)), (_xlfn.XLOOKUP($A20,Index!$B$2:$B$103,Index!$D$2:$D$103,"Not Found")),"")} -> c | F20: {=IF(NOT(ISBLANK($A20)), (_xlfn.XLOOKUP($A20,Index!$B$2:$B$103,Index!$E$2:$E$103,"Not Found")),"")} | G20: {=IF(NOT(ISBLANK(A20)), ((_xlfn.XLOOKUP(A20,Index!$B$2:$B$103,Index!$F$2:$F$103,"Not Found"))*B20),"")} -> 0 | K20: =K6
A21: Switch | B21: 1 | C21: {=IF(NOT(ISBLANK($A21)), (_xlfn.XLOOKUP($A21,Index!$B$2:$B$103,Index!$C$2:$C$103,"Not Found")),"")} -> T | D21: {=IF(NOT(ISBLANK(A21)), (_xlfn.XLOOKUP($A21,Index!$B$2:B$103,Index!$A$2:$A$103,"Not Found")),"")} -> base1-95 | E21: {=IF(NOT(ISBLANK($A21)), (_xlfn.XLOOKUP($A21,Index!$B$2:$B$103,Index!$D$2:$D$103,"Not Found")),"")} -> c | F21: {=IF(NOT(ISBLANK($A21)), (_xlfn.XLOOKUP($A21,Index!$B$2:$B$103,Index!$E$2:$E$103,"Not Found")),"")} | G21: {=IF(NOT(ISBLANK(A21)), ((_xlfn.XLOOKUP(A21,Index!$B$2:$B$103,Index!$F$2:$F$103,"Not Found"))*B21),"")} -> 0 | K21: Total: | L21: =SUM(G2:G46) -> 7
A22: Gust of Wind | B22: 1 | C22: {=IF(NOT(ISBLANK($A22)), (_xlfn.XLOOKUP($A22,Index!$B$2:$B$103,Index!$C$2:$C$103,"Not Found")),"")} -> T | D22: {=IF(NOT(ISBLANK(A22)), (_xlfn.XLOOKUP($A22,Index!$B$2:B$103,Index!$A$2:$A$103,"Not Found")),"")} -> base1-93 | E22: {=IF(NOT(ISBLANK($A22)), (_xlfn.XLOOKUP($A22,Index!$B$2:$B$103,Index!$D$2:$D$103,"Not Found")),"")} -> c | F22: {=IF(NOT(ISBLANK($A22)), (_xlfn.XLOOKUP($A22,Index!$B$2:$B$103,Index!$E$2:$E$103,"Not Found")),"")} | G22: {=IF(NOT(ISBLANK(A22)), ((_xlfn.XLOOKUP(A22,Index!$B$2:$B$103,Index!$F$2:$F$103,"Not Found"))*B22),"")} -> 0
A23: Maintenance | B23: 1 | C23: {=IF(NOT(ISBLANK($A23)), (_xlfn.XLOOKUP($A23,Index!$B$2:$B$103,Index!$C$2:$C$103,"Not Found")),"")} -> T | D23: {=IF(NOT(ISBLANK(A23)), (_xlfn.XLOOKUP($A23,Index!$B$2:B$103,Index!$A$2:$A$103,"Not Found")),"")} -> base1-83 | E23: {=IF(NOT(ISBLANK($A23)), (_xlfn.XLOOKUP($A23,Index!$B$2:$B$103,Index!$D$2:$D$103,"Not Found")),"")} -> u | F23: {=IF(NOT(ISBLANK($A23)), (_xlfn.XLOOKUP($A23,Index!$B$2:$B$103,Index!$E$2:$E$103,"Not Found")),"")} | G23: {=IF(NOT(ISBLANK(A23)), ((_xlfn.XLOOKUP(A23,Index!$B$2:$B$103,Index!$F$2:$F$103,"Not Found"))*B23),"")} -> 0
C24: {=IF(NOT(ISBLANK($A24)), (_xlfn.XLOOKUP($A24,Index!$B$2:$B$103,Index!$C$2:$C$103,"Not Found")),"")} | D24: {=IF(NOT(ISBLANK(A24)), (_xlfn.XLOOKUP($A24,Index!$B$2:B$103,Index!$A$2:$A$103,"Not Found")),"")} | E24: {=IF(NOT(ISBLANK($A24)), (_xlfn.XLOOKUP($A24,Index!$B$2:$B$103,Index!$D$2:$D$103,"Not Found")),"")} | F24: {=IF(NOT(ISBLANK($A24)), (_xlfn.XLOOKUP($A24,Index!$B$2:$B$103,Index!$E$2:$E$103,"Not Found")),"")} | G24: {=IF(NOT(ISBLANK(A24)), ((_xlfn.XLOOKUP(A24,Index!$B$2:$B$103,Index!$F$2:$F$103,"Not Found"))*B24),"")}
C25: {=IF(NOT(ISBLANK($A25)), (_xlfn.XLOOKUP($A25,Index!$B$2:$B$103,Index!$C$2:$C$103,"Not Found")),"")} | D25: {=IF(NOT(ISBLANK(A25)), (_xlfn.XLOOKUP($A25,Index!$B$2:B$103,Index!$A$2:$A$103,"Not Found")),"")} | E25: {=IF(NOT(ISBLANK($A25)), (_xlfn.XLOOKUP($A25,Index!$B$2:$B$103,Index!$D$2:$D$103,"Not Found")),"")} | F25: {=IF(NOT(ISBLANK($A25)), (_xlfn.XLOOKUP($A25,Index!$B$2:$B$103,Index!$E$2:$E$103,"Not Found")),"")} | G25: {=IF(NOT(ISBLANK(A25)), ((_xlfn.XLOOKUP(A25,Index!$B$2:$B$103,Index!$F$2:$F$103,"Not Found"))*B25),"")}
C26: {=IF(NOT(ISBLANK($A26)), (_xlfn.XLOOKUP($A26,Index!$B$2:$B$103,Index!$C$2:$C$103,"Not Found")),"")} | D26: {=IF(NOT(ISBLANK(A26)), (_xlfn.XLOOKUP($A26,Index!$B$2:B$103,Index!$A$2:$A$103,"Not Found")),"")} | E26: {=IF(NOT(ISBLANK($A26)), (_xlfn.XLOOKUP($A26,Index!$B$2:$B$103,Index!$D$2:$D$103,"Not Found")),"")} | F26: {=IF(NOT(ISBLANK($A26)), (_xlfn.XLOOKUP($A26,Index!$B$2:$B$103,Index!$E$2:$E$103,"Not Found")),"")} | G26: {=IF(NOT(ISBLANK(A26)), ((_xlfn.XLOOKUP(A26,Index!$B$2:$B$103,Index!$F$2:$F$103,"Not Found"))*B26),"")}
C27: {=IF(NOT(ISBLANK($A27)), (_xlfn.XLOOKUP($A27,Index!$B$2:$B$103,Index!$C$2:$C$103,"Not Found")),"")} | D27: {=IF(NOT(ISBLANK(A27)), (_xlfn.XLOOKUP($A27,Index!$B$2:B$103,Index!$A$2:$A$103,"Not Found")),"")} | E27: {=IF(NOT(ISBLANK($A27)), (_xlfn.XLOOKUP($A27,Index!$B$2:$B$103,Index!$D$2:$D$103,"Not Found")),"")} | F27: {=IF(NOT(ISBLANK($A27)), (_xlfn.XLOOKUP($A27,Index!$B$2:$B$103,Index!$E$2:$E$103,"Not Found")),"")} | G27: {=IF(NOT(ISBLANK(A27)), ((_xlfn.XLOOKUP(A27,Index!$B$2:$B$103,Index!$F$2:$F$103,"Not Found"))*B27),"")}
C28: {=IF(NOT(ISBLANK($A28)), (_xlfn.XLOOKUP($A28,Index!$B$2:$B$103,Index!$C$2:$C$103,"Not Found")),"")} | D28: {=IF(NOT(ISBLANK(A28)), (_xlfn.XLOOKUP($A28,Index!$B$2:B$103,Index!$A$2:$A$103,"Not Found")),"")} | E28: {=IF(NOT(ISBLANK($A28)), (_xlfn.XLOOKUP($A28,Index!$B$2:$B$103,Index!$D$2:$D$103,"Not Found")),"")} | F28: {=IF(NOT(ISBLANK($A28)), (_xlfn.XLOOKUP($A28,Index!$B$2:$B$103,Index!$E$2:$E$103,"Not Found")),"")} | G28: {=IF(NOT(ISBLANK(A28)), ((_xlfn.XLOOKUP(A28,Index!$B$2:$B$103,Index!$F$2:$F$103,"Not Found"))*B28),"")}
C29: {=IF(NOT(ISBLANK($A29)), (_xlfn.XLOOKUP($A29,Index!$B$2:$B$103,Index!$C$2:$C$103,"Not Found")),"")} | D29: {=IF(NOT(ISBLANK(A29)), (_xlfn.XLOOKUP($A29,Index!$B$2:B$103,Index!$A$2:$A$103,"Not Found")),"")} | E29: {=IF(NOT(ISBLANK($A29)), (_xlfn.XLOOKUP($A29,Index!$B$2:$B$103,Index!$D$2:$D$103,"Not Found")),"")} | F29: {=IF(NOT(ISBLANK($A29)), (_xlfn.XLOOKUP($A29,Index!$B$2:$B$103,Index!$E$2:$E$103,"Not Found")),"")} | G29: {=IF(NOT(ISBLANK(A29)), ((_xlfn.XLOOKUP(A29,Index!$B$2:$B$103,Index!$F$2:$F$103,"Not Found"))*B29),"")}
C30: {=IF(NOT(ISBLANK($A30)), (_xlfn.XLOOKUP($A30,Index!$B$2:$B$103,Index!$C$2:$C$103,"Not Found")),"")} | D30: {=IF(NOT(ISBLANK(A30)), (_xlfn.XLOOKUP($A30,Index!$B$2:B$103,Index!$A$2:$A$103,"Not Found")),"")} | E30: {=IF(NOT(ISBLANK($A30)), (_xlfn.XLOOKUP($A30,Index!$B$2:$B$103,Index!$D$2:$D$103,"Not Found")),"")} | F30: {=IF(NOT(ISBLANK($A30)), (_xlfn.XLOOKUP($A30,Index!$B$2:$B$103,Index!$E$2:$E$103,"Not Found")),"")} | G30: {=IF(NOT(ISBLANK(A30)), ((_xlfn.XLOOKUP(A30,Index!$B$2:$B$103,Index!$F$2:$F$103,"Not Found"))*B30),"")}
C31: {=IF(NOT(ISBLANK($A31)), (_xlfn.XLOOKUP($A31,Index!$B$2:$B$103,Index!$C$2:$C$103,"Not Found")),"")} | D31: {=IF(NOT(ISBLANK(A31)), (_xlfn.XLOOKUP($A31,Index!$B$2:B$103,Index!$A$2:$A$103,"Not Found")),"")} | E31: {=IF(NOT(ISBLANK($A31)), (_xlfn.XLOOKUP($A31,Index!$B$2:$B$103,Index!$D$2:$D$103,"Not Found")),"")} | F31: {=IF(NOT(ISBLANK($A31)), (_xlfn.XLOOKUP($A31,Index!$B$2:$B$103,Index!$E$2:$E$103,"Not Found")),"")} | G31: {=IF(NOT(ISBLANK(A31)), ((_xlfn.XLOOKUP(A31,Index!$B$2:$B$103,Index!$F$2:$F$103,"Not Found"))*B31),"")}
C32: {=IF(NOT(ISBLANK($A32)), (_xlfn.XLOOKUP($A32,Index!$B$2:$B$103,Index!$C$2:$C$103,"Not Found")),"")} | D32: {=IF(NOT(ISBLANK(A32)), (_xlfn.XLOOKUP($A32,Index!$B$2:B$103,Index!$A$2:$A$103,"Not Found")),"")} | E32: {=IF(NOT(ISBLANK($A32)), (_xlfn.XLOOKUP($A32,Index!$B$2:$B$103,Index!$D$2:$D$103,"Not Found")),"")} | F32: {=IF(NOT(ISBLANK($A32)), (_xlfn.XLOOKUP($A32,Index!$B$2:$B$103,Index!$E$2:$E$103,"Not Found")),"")} | G32: {=IF(NOT(ISBLANK(A32)), ((_xlfn.XLOOKUP(A32,Index!$B$2:$B$103,Index!$F$2:$F$103,"Not Found"))*B32),"")}
C33: {=IF(NOT(ISBLANK($A33)), (_xlfn.XLOOKUP($A33,Index!$B$2:$B$103,Index!$C$2:$C$103,"Not Found")),"")} | D33: {=IF(NOT(ISBLANK(A33)), (_xlfn.XLOOKUP($A33,Index!$B$2:B$103,Index!$A$2:$A$103,"Not Found")),"")} | E33: {=IF(NOT(ISBLANK($A33)), (_xlfn.XLOOKUP($A33,Index!$B$2:$B$103,Index!$D$2:$D$103,"Not Found")),"")} | F33: {=IF(NOT(ISBLANK($A33)), (_xlfn.XLOOKUP($A33,Index!$B$2:$B$103,Index!$E$2:$E$103,"Not Found")),"")} | G33: {=IF(NOT(ISBLANK(A33)), ((_xlfn.XLOOKUP(A33,Index!$B$2:$B$103,Index!$F$2:$F$103,"Not Found"))*B33),"")}
C34: {=IF(NOT(ISBLANK($A34)), (_xlfn.XLOOKUP($A34,Index!$B$2:$B$103,Index!$C$2:$C$103,"Not Found")),"")} | D34: {=IF(NOT(ISBLANK(A34)), (_xlfn.XLOOKUP($A34,Index!$B$2:B$103,Index!$A$2:$A$103,"Not Found")),"")} | E34: {=IF(NOT(ISBLANK($A34)), (_xlfn.XLOOKUP($A34,Index!$B$2:$B$103,Index!$D$2:$D$103,"Not Found")),"")} | F34: {=IF(NOT(ISBLANK($A34)), (_xlfn.XLOOKUP($A34,Index!$B$2:$B$103,Index!$E$2:$E$103,"Not Found")),"")} | G34: {=IF(NOT(ISBLANK(A34)), ((_xlfn.XLOOKUP(A34,Index!$B$2:$B$103,Index!$F$2:$F$103,"Not Found"))*B34),"")}
C35: {=IF(NOT(ISBLANK($A35)), (_xlfn.XLOOKUP($A35,Index!$B$2:$B$103,Index!$C$2:$C$103,"Not Found")),"")} | D35: {=IF(NOT(ISBLANK(A35)), (_xlfn.XLOOKUP($A35,Index!$B$2:B$103,Index!$A$2:$A$103,"Not Found")),"")} | E35: {=IF(NOT(ISBLANK($A35)), (_xlfn.XLOOKUP($A35,Index!$B$2:$B$103,Index!$D$2:$D$103,"Not Found")),"")} | F35: {=IF(NOT(ISBLANK($A35)), (_xlfn.XLOOKUP($A35,Index!$B$2:$B$103,Index!$E$2:$E$103,"Not Found")),"")} | G35: {=IF(NOT(ISBLANK(A35)), ((_xlfn.XLOOKUP(A35,Index!$B$2:$B$103,Index!$F$2:$F$103,"Not Found"))*B35),"")}
C36: {=IF(NOT(ISBLANK($A36)), (_xlfn.XLOOKUP($A36,Index!$B$2:$B$103,Index!$C$2:$C$103,"Not Found")),"")} | D36: {=IF(NOT(ISBLANK(A36)), (_xlfn.XLOOKUP($A36,Index!$B$2:B$103,Index!$A$2:$A$103,"Not Found")),"")} | E36: {=IF(NOT(ISBLANK($A36)), (_xlfn.XLOOKUP($A36,Index!$B$2:$B$103,Index!$D$2:$D$103,"Not Found")),"")} | F36: {=IF(NOT(ISBLANK($A36)), (_xlfn.XLOOKUP($A36,Index!$B$2:$B$103,Index!$E$2:$E$103,"Not Found")),"")} | G36: {=IF(NOT(ISBLANK(A36)), ((_xlfn.XLOOKUP(A36,Index!$B$2:$B$103,Index!$F$2:$F$103,"Not Found"))*B36),"")}
C37: {=IF(NOT(ISBLANK($A37)), (_xlfn.XLOOKUP($A37,Index!$B$2:$B$103,Index!$C$2:$C$103,"Not Found")),"")} | D37: {=IF(NOT(ISBLANK(A37)), (_xlfn.XLOOKUP($A37,Index!$B$2:B$103,Index!$A$2:$A$103,"Not Found")),"")} | E37: {=IF(NOT(ISBLANK($A37)), (_xlfn.XLOOKUP($A37,Index!$B$2:$B$103,Index!$D$2:$D$103,"Not Found")),"")} | F37: {=IF(NOT(ISBLANK($A37)), (_xlfn.XLOOKUP($A37,Index!$B$2:$B$103,Index!$E$2:$E$103,"Not Found")),"")}
D38: {=IF(NOT(ISBLANK(A38)), (_xlfn.XLOOKUP(A38,Index!$B$2:B$103,Index!$A$2:$A$103,"Not Found")),"")} | E38: {=IF(NOT(ISBLANK($A38)), (_xlfn.XLOOKUP($A38,Index!$B$2:$B$103,Index!$D$2:$D$103,"Not Found")),"")}
D39: {=IF(NOT(ISBLANK(A39)), (_xlfn.XLOOKUP(A39,Index!$B$2:B$103,Index!$A$2:$A$103,"Not Found")),"")} | E39: {=IF(NOT(ISBLANK($A39)), (_xlfn.XLOOKUP($A39,Index!$B$2:$B$103,Index!$D$2:$D$103,"Not Found")),"")}
D40: {=IF(NOT(ISBLANK(A40)), (_xlfn.XLOOKUP(A40,Index!B$2:B$103,Index!A$2:A$103,"Not Found")),"")} | E40: {=IF(NOT(ISBLANK($A40)), (_xlfn.XLOOKUP($A40,Index!$B$2:$B$103,Index!$D$2:$D$103,"Not Found")),"")}
D41: {=IF(NOT(ISBLANK(A41)), (_xlfn.XLOOKUP(A41,Index!B$2:B$103,Index!A$2:A$103,"Not Found")),"")}

Sheet B1 T2-2
A1: Card | B1: Quantity | C1: Type | D1: ID | E1: Stage / Rarity | F1: Remaining Evo | G1: Feature Weight | I1: Card Total | K1: Type | L1: Num | M1: Basic | N1: S1 Max | O1: S1 Mid | P1: S2 | Q1: No Evolve
A2: Abra | B2: 3 | C2: {=IF(NOT(ISBLANK($A2)), (_xlfn.XLOOKUP($A2,Index!$B$2:$B$103,Index!$C$2:$C$103,"Not Found")),"")} -> P | D2: {=IF(NOT(ISBLANK(A2)), (_xlfn.XLOOKUP($A2,Index!$B$2:B$103,Index!$A$2:$A$103,"Not Found")),"")} -> base1-43 | E2: {=IF(NOT(ISBLANK($A2)), (_xlfn.XLOOKUP($A2,Index!$B$2:$B$103,Index!$D$2:$D$103,"Not Found")),"")} -> b | F2: {=IF(NOT(ISBLANK($A2)), (_xlfn.XLOOKUP($A2,Index!$B$2:$B$103,Index!$E$2:$E$103,"Not Found")),"")} -> y | G2: {=IF(NOT(ISBLANK(A2)), ((_xlfn.XLOOKUP(A2,Index!$B$2:$B$103,Index!$F$2:$F$103,"Not Found"))*B2),"")} -> 0 | I2: =SUM(B2:B38) -> 60 | K2: P | L2: =IF(NOT(ISBLANK(K2)), SUM(M2:P2), "") -> 12 | M2: =IF(NOT(ISBLANK($K2)), SUMIFS($B$2:$B$32, $E$2:$E$32, "B", $C$2:$C$32,$K2), "") -> 8 | N2: =IF(NOT(ISBLANK($K2)),SUMIFS($B$2:$B$32,$E$2:$E$32, "1", $C$2:$C$32,$K2,$F$2:$F$32,"N"), "") -> 0 | O2: =IF(NOT(ISBLANK($K2)),SUMIFS($B$2:$B$32,$E$2:$E$32, "1", $C$2:$C$32,$K2,$F$2:$F$32,"Y"), "") -> 3 | P2: =IF(NOT(ISBLANK($K2)),SUMIFS($B$2:$B$32,$E$2:$E$32, "2", $C$2:$C$32,$K2), "") -> 1 | Q2: =IF(NOT(ISBLANK($K2)),SUMIFS($B$2:$B$32,$E$2:$E$32, "B", $C$2:$C$32,$K2,$F$2:$F$32,"N"), "") -> 3
A3: Kadabra | B3: 2 | C3: {=IF(NOT(ISBLANK($A3)), (_xlfn.XLOOKUP($A3,Index!$B$2:$B$103,Index!$C$2:$C$103,"Not Found")),"")} -> P | D3: {=IF(NOT(ISBLANK(A3)), (_xlfn.XLOOKUP($A3,Index!$B$2:B$103,Index!$A$2:$A$103,"Not Found")),"")} -> base1-32 | E3: {=IF(NOT(ISBLANK($A3)), (_xlfn.XLOOKUP($A3,Index!$B$2:$B$103,Index!$D$2:$D$103,"Not Found")),"")} -> 1 | F3: {=IF(NOT(ISBLANK($A3)), (_xlfn.XLOOKUP($A3,Index!$B$2:$B$103,Index!$E$2:$E$103,"Not Found")),"")} -> y | G3: {=IF(NOT(ISBLANK(A3)), ((_xlfn.XLOOKUP(A3,Index!$B$2:$B$103,Index!$F$2:$F$103,"Not Found"))*B3),"")} -> 0 | K3: R | L3: =IF(NOT(ISBLANK(K3)), SUM(M3:P3), "") -> 6 | M3: =IF(NOT(ISBLANK($K3)), SUMIFS($B$2:$B$32, $E$2:$E$32, "B", $C$2:$C$32,$K3), "") -> 5 | N3: =IF(NOT(ISBLANK($K3)),SUMIFS($B$2:$B$32,$E$2:$E$32, "1", $C$2:$C$32,$K3,$F$2:$F$32,"N"), "") -> 1 | O3: =IF(NOT(ISBLANK($K3)),SUMIFS($B$2:$B$32,$E$2:$E$32, "1", $C$2:$C$32,$K3,$F$2:$F$32,"Y"), "") -> 0 | P3: =IF(NOT(ISBLANK($K3)),SUMIFS($B$2:$B$32,$E$2:$E$32, "2", $C$2:$C$32,$K3), "") -> 0 | Q3: =IF(NOT(ISBLANK($K3)),SUMIFS($B$2:$B$32,$E$2:$E$32, "B", $C$2:$C$32,$K3,$F$2:$F$32,"N"), "") -> 2
A4: Alakazam | B4: 1 | C4: {=IF(NOT(ISBLANK($A4)), (_xlfn.XLOOKUP($A4,Index!$B$2:$B$103,Index!$C$2:$C$103,"Not Found")),"")} -> P | D4: {=IF(NOT(ISBLANK(A4)), (_xlfn.XLOOKUP($A4,Index!$B$2:B$103,Index!$A$2:$A$103,"Not Found")),"")} -> base1-1 | E4: {=IF(NOT(ISBLANK($A4)), (_xlfn.XLOOKUP($A4,Index!$B$2:$B$103,Index!$D$2:$D$103,"Not Found")),"")} -> 2 | F4: {=IF(NOT(ISBLANK($A4)), (_xlfn.XLOOKUP($A4,Index!$B$2:$B$103,Index!$E$2:$E$103,"Not Found")),"")} | G4: {=IF(NOT(ISBLANK(A4)), ((_xlfn.XLOOKUP(A4,Index!$B$2:$B$103,Index!$F$2:$F$103,"Not Found"))*B4),"")} -> 2.5 | K4: C | L4: =IF(NOT(ISBLANK(K4)), SUM(M4:P4), "") -> 3 | M4: =IF(NOT(ISBLANK($K4)), SUMIFS($B$2:$B$32, $E$2:$E$32, "B", $C$2:$C$32,$K4), "") -> 3 | N4: =IF(NOT(ISBLANK($K4)),SUMIFS($B$2:$B$32,$E$2:$E$32, "1", $C$2:$C$32,$K4,$F$2:$F$32,"N"), "") -> 0 | O4: =IF(NOT(ISBLANK($K4)),SUMIFS($B$2:$B$32,$E$2:$E$32, "1", $C$2:$C$32,$K4,$F$2:$F$32,"Y"), "") -> 0 | P4: =IF(NOT(ISBLANK($K4)),SUMIFS($B$2:$B$32,$E$2:$E$32, "2", $C$2:$C$32,$K4), "") -> 0 | Q4: =IF(NOT(ISBLANK($K4)),SUMIFS($B$2:$B$32,$E$2:$E$32, "B", $C$2:$C$32,$K4,$F$2:$F$32,"N"), "") -> 3
A5: Gastly | B5: 2 | C5: {=IF(NOT(ISBLANK($A5)), (_xlfn.XLOOKUP($A5,Index!$B$2:$B$103,Index!$C$2:$C$103,"Not Found")),"")} -> P | D5: {=IF(NOT(ISBLANK(A5)), (_xlfn.XLOOKUP($A5,Index!$B$2:B$103,Index!$A$2:$A$103,"Not Found")),"")} -> base1-50 | E5: {=IF(NOT(ISBLANK($A5)), (_xlfn.XLOOKUP($A5,Index!$B$2:$B$103,Index!$D$2:$D$103,"Not Found")),"")} -> b | F5: {=IF(NOT(ISBLANK($A5)), (_xlfn.XLOOKUP($A5,Index!$B$2:$B$103,Index!$E$2:$E$103,"Not Found")),"")} -> y | G5: {=IF(NOT(ISBLANK(A5)), ((_xlfn.XLOOKUP(A5,Index!$B$2:$B$103,Index!$F$2:$F$103,"Not Found"))*B5),"")} -> 0 | L5: =IF(NOT(ISBLANK(K5)), SUM(M5:P5), "") | M5: =IF(NOT(ISBLANK($K5)), SUMIFS($B$2:$B$32, $E$2:$E$32, "B", $C$2:$C$32,$K5), "") | N5: =IF(NOT(ISBLANK($K5)),SUMIFS($B$2:$B$32,$E$2:$E$32, "1", $C$2:$C$32,$K5,$F$2:$F$32,"N"), "") | O5: =IF(NOT(ISBLANK($K5)),SUMIFS($B$2:$B$32,$E$2:$E$32, "1", $C$2:$C$32,$K5,$F$2:$F$32,"Y"), "") | P5: =IF(NOT(ISBLANK($K5)),SUMIFS($B$2:$B$32,$E$2:$E$32, "2", $C$2:$C$32,$K5), "") | Q5: =IF(NOT(ISBLANK($K5)),SUMIFS($B$2:$B$32,$E$2:$E$32, "B", $C$2:$C$32,$K5,$F$2:$F$32,"N"), "")
A6: Haunter | B6: 1 | C6: {=IF(NOT(ISBLANK($A6)), (_xlfn.XLOOKUP($A6,Index!$B$2:$B$103,Index!$C$2:$C$103,"Not Found")),"")} -> P | D6: {=IF(NOT(ISBLANK(A6)), (_xlfn.XLOOKUP($A6,Index!$B$2:B$103,Index!$A$2:$A$103,"Not Found")),"")} -> base1-29 | E6: {=IF(NOT(ISBLANK($A6)), (_xlfn.XLOOKUP($A6,Index!$B$2:$B$103,Index!$D$2:$D$103,"Not Found")),"")} -> 1 | F6: {=IF(NOT(ISBLANK($A6)), (_xlfn.XLOOKUP($A6,Index!$B$2:$B$103,Index!$E$2:$E$103,"Not Found")),"")} -> y | G6: {=IF(NOT(ISBLANK(A6)), ((_xlfn.XLOOKUP(A6,Index!$B$2:$B$103,Index!$F$2:$F$103,"Not Found"))*B6),"")} -> 0 | L6: =IF(NOT(ISBLANK(K6)), SUM(M6:P6), "") | M6: =IF(NOT(ISBLANK($K6)), COUNTIFS($E$2:$E$32, "B", $C$2:$C$32,$K6), "") | N6: =IF(NOT(ISBLANK(K6)),COUNTIFS($E$2:$E$32, "1", $C$2:$C$32,$K6,$F$2:$F$32,"N"), "") | O6: =IF(NOT(ISBLANK($K6)),COUNTIFS($E$2:$E$32, "1", $C$2:$C$32,$K6,$F$2:$F$32,"Y"), "") | P6: =IF(NOT(ISBLANK($K6)),COUNTIFS($E$2:$E$32, "2", $C$2:$C$32,$K6), "") | Q6: =IF(NOT(ISBLANK($K6)),COUNTIFS($E$2:$E$32, "B", $C$2:$C$32,$K6,$F$2:$F$32,"N"), "")
A7: Mewtwo | B7: 1 | C7: {=IF(NOT(ISBLANK($A7)), (_xlfn.XLOOKUP($A7,Index!$B$2:$B$103,Index!$C$2:$C$103,"Not Found")),"")} -> P | D7: {=IF(NOT(ISBLANK(A7)), (_xlfn.XLOOKUP($A7,Index!$B$2:B$103,Index!$A$2:$A$103,"Not Found")),"")} -> base1-10 | E7: {=IF(NOT(ISBLANK($A7)), (_xlfn.XLOOKUP($A7,Index!$B$2:$B$103,Index!$D$2:$D$103,"Not Found")),"")} -> b | F7: {=IF(NOT(ISBLANK($A7)), (_xlfn.XLOOKUP($A7,Index!$B$2:$B$103,Index!$E$2:$E$103,"Not Found")),"")} -> n | G7: {=IF(NOT(ISBLANK(A7)), ((_xlfn.XLOOKUP(A7,Index!$B$2:$B$103,Index!$F$2:$F$103,"Not Found"))*B7),"")} -> 1 | K7: Total | L7: =SUM(L2:L6) -> 21 | M7: =SUM(M2:M6) -> 16 | N7: =SUM(N2:N6) -> 1 | O7: =SUM(O2:O6) -> 3 | P7: =SUM(P2:P6) -> 1 | Q7: =SUM(Q2:Q6) -> 8
A8: Jynx | B8: 2 | C8: {=IF(NOT(ISBLANK($A8)), (_xlfn.XLOOKUP($A8,Index!$B$2:$B$103,Index!$C$2:$C$103,"Not Found")),"")} -> P | D8: {=IF(NOT(ISBLANK(A8)), (_xlfn.XLOOKUP($A8,Index!$B$2:B$103,Index!$A$2:$A$103,"Not Found")),"")} -> base1-31 | E8: {=IF(NOT(ISBLANK($A8)), (_xlfn.XLOOKUP($A8,Index!$B$2:$B$103,Index!$D$2:$D$103,"Not Found")),"")} -> b | F8: {=IF(NOT(ISBLANK($A8)), (_xlfn.XLOOKUP($A8,Index!$B$2:$B$103,Index!$E$2:$E$103,"Not Found")),"")} -> n | G8: {=IF(NOT(ISBLANK(A8)), ((_xlfn.XLOOKUP(A8,Index!$B$2:$B$103,Index!$F$2:$F$103,"Not Found"))*B8),"")} -> 2
A9: Magmar | B9: 2 | C9: {=IF(NOT(ISBLANK($A9)), (_xlfn.XLOOKUP($A9,Index!$B$2:$B$103,Index!$C$2:$C$103,"Not Found")),"")} -> R | D9: {=IF(NOT(ISBLANK(A9)), (_xlfn.XLOOKUP($A9,Index!$B$2:B$103,Index!$A$2:$A$103,"Not Found")),"")} -> base1-36 | E9: {=IF(NOT(ISBLANK($A9)), (_xlfn.XLOOKUP($A9,Index!$B$2:$B$103,Index!$D$2:$D$103,"Not Found")),"")} -> b | F9: {=IF(NOT(ISBLANK($A9)), (_xlfn.XLOOKUP($A9,Index!$B$2:$B$103,Index!$E$2:$E$103,"Not Found")),"")} -> n | G9: {=IF(NOT(ISBLANK(A9)), ((_xlfn.XLOOKUP(A9,Index!$B$2:$B$103,Index!$F$2:$F$103,"Not Found"))*B9),"")} -> 0 | M9: Common | N9: Uncommon | O9: Rare
A10: Growlithe | B10: 2 | C10: {=IF(NOT(ISBLANK($A10)), (_xlfn.XLOOKUP($A10,Index!$B$2:$B$103,Index!$C$2:$C$103,"Not Found")),"")} -> R | D10: {=IF(NOT(ISBLANK(A10)), (_xlfn.XLOOKUP($A10,Index!$B$2:B$103,Index!$A$2:$A$103,"Not Found")),"")} -> base1-28 | E10: {=IF(NOT(ISBLANK($A10)), (_xlfn.XLOOKUP($A10,Index!$B$2:$B$103,Index!$D$2:$D$103,"Not Found")),"")} -> b | F10: {=IF(NOT(ISBLANK($A10)), (_xlfn.XLOOKUP($A10,Index!$B$2:$B$103,Index!$E$2:$E$103,"Not Found")),"")} -> y | G10: {=IF(NOT(ISBLANK(A10)), ((_xlfn.XLOOKUP(A10,Index!$B$2:$B$103,Index!$F$2:$F$103,"Not Found"))*B10),"")} -> 0 | K10: Trainer | L10: =SUM(M10:P10) -> 11 | M10: =IF(NOT(ISBLANK($K10)), SUMIFS($B$2:$B$32,$E$2:$E$32, "C", $C$2:$C$32,"T"), "") -> 7 | N10: =IF(NOT(ISBLANK($K10)), SUMIFS($B$2:$B$32,$E$2:$E$32, "U", $C$2:$C$32,"T"), "") -> 3 | O10: =IF(NOT(ISBLANK($K$2)), SUMIFS($B$2:$B$32,$E$2:$E$32, "R", $C$2:$C$32,"T"), "") -> 1
A11: Arcanine | B11: 1 | C11: {=IF(NOT(ISBLANK($A11)), (_xlfn.XLOOKUP($A11,Index!$B$2:$B$103,Index!$C$2:$C$103,"Not Found")),"")} -> R | D11: {=IF(NOT(ISBLANK(A11)), (_xlfn.XLOOKUP($A11,Index!$B$2:B$103,Index!$A$2:$A$103,"Not Found")),"")} -> base1-23 | E11: {=IF(NOT(ISBLANK($A11)), (_xlfn.XLOOKUP($A11,Index!$B$2:$B$103,Index!$D$2:$D$103,"Not Found")),"")} -> 1 | F11: {=IF(NOT(ISBLANK($A11)), (_xlfn.XLOOKUP($A11,Index!$B$2:$B$103,Index!$E$2:$E$103,"Not Found")),"")} -> n | G11: {=IF(NOT(ISBLANK(A11)), ((_xlfn.XLOOKUP(A11,Index!$B$2:$B$103,Index!$F$2:$F$103,"Not Found"))*B11),"")} -> 2 | K11: Energy | L11: =IF(NOT(ISBLANK($K$2)), SUMIFS($B$2:$B$32, $C$2:$C$32,"Energy"), "") -> 28
A12: Farfetch'd | B12: 3 | C12: {=IF(NOT(ISBLANK($A12)), (_xlfn.XLOOKUP($A12,Index!$B$2:$B$103,Index!$C$2:$C$103,"Not Found")),"")} -> C | D12: {=IF(NOT(ISBLANK(A12)), (_xlfn.XLOOKUP($A12,Index!$B$2:B$103,Index!$A$2:$A$103,"Not Found")),"")} -> base1-27 | E12: {=IF(NOT(ISBLANK($A12)), (_xlfn.XLOOKUP($A12,Index!$B$2:$B$103,Index!$D$2:$D$103,"Not Found")),"")} -> b | F12: {=IF(NOT(ISBLANK($A12)), (_xlfn.XLOOKUP($A12,Index!$B$2:$B$103,Index!$E$2:$E$103,"Not Found")),"")} -> n | G12: {=IF(NOT(ISBLANK(A12)), ((_xlfn.XLOOKUP(A12,Index!$B$2:$B$103,Index!$F$2:$F$103,"Not Found"))*B12),"")} -> 0 | K12: Pokemon | L12: =L7 -> 21
A13: Ponyta | B13: 1 | C13: {=IF(NOT(ISBLANK($A13)), (_xlfn.XLOOKUP($A13,Index!$B$2:$B$103,Index!$C$2:$C$103,"Not Found")),"")} -> R | D13: {=IF(NOT(ISBLANK(A13)), (_xlfn.XLOOKUP($A13,Index!$B$2:B$103,Index!$A$2:$A$103,"Not Found")),"")} -> base1-60 | E13: {=IF(NOT(ISBLANK($A13)), (_xlfn.XLOOKUP($A13,Index!$B$2:$B$103,Index!$D$2:$D$103,"Not Found")),"")} -> b | F13: {=IF(NOT(ISBLANK($A13)), (_xlfn.XLOOKUP($A13,Index!$B$2:$B$103,Index!$E$2:$E$103,"Not Found")),"")} -> y | G13: {=IF(NOT(ISBLANK(A13)), ((_xlfn.XLOOKUP(A13,Index!$B$2:$B$103,Index!$F$2:$F$103,"Not Found"))*B13),"")} -> 0
A14: Psychic Energy | B14: 18 | C14: {=IF(NOT(ISBLANK($A14)), (_xlfn.XLOOKUP($A14,Index!$B$2:$B$103,Index!$C$2:$C$103,"Not Found")),"")} -> Energy | D14: {=IF(NOT(ISBLANK(A14)), (_xlfn.XLOOKUP($A14,Index!$B$2:B$103,Index!$A$2:$A$103,"Not Found")),"")} -> base1-101 | E14: {=IF(NOT(ISBLANK($A14)), (_xlfn.XLOOKUP($A14,Index!$B$2:$B$103,Index!$D$2:$D$103,"Not Found")),"")} | F14: {=IF(NOT(ISBLANK($A14)), (_xlfn.XLOOKUP($A14,Index!$B$2:$B$103,Index!$E$2:$E$103,"Not Found")),"")} | G14: {=IF(NOT(ISBLANK(A14)), ((_xlfn.XLOOKUP(A14,Index!$B$2:$B$103,Index!$F$2:$F$103,"Not Found"))*B14),"")} -> 0
A15: Fire Energy | B15: 10 | C15: {=IF(NOT(ISBLANK($A15)), (_xlfn.XLOOKUP($A15,Index!$B$2:$B$103,Index!$C$2:$C$103,"Not Found")),"")} -> Energy | D15: {=IF(NOT(ISBLANK(A15)), (_xlfn.XLOOKUP($A15,Index!$B$2:B$103,Index!$A$2:$A$103,"Not Found")),"")} -> base1-98 | E15: {=IF(NOT(ISBLANK($A15)), (_xlfn.XLOOKUP($A15,Index!$B$2:$B$103,Index!$D$2:$D$103,"Not Found")),"")} | F15: {=IF(NOT(ISBLANK($A15)), (_xlfn.XLOOKUP($A15,Index!$B$2:$B$103,Index!$E$2:$E$103,"Not Found")),"")} | G15: {=IF(NOT(ISBLANK(A15)), ((_xlfn.XLOOKUP(A15,Index!$B$2:$B$103,Index!$F$2:$F$103,"Not Found"))*B15),"")} -> 0 | K15: Feature Weight:
A16: Lass | B16: 1 | C16: {=IF(NOT(ISBLANK($A16)), (_xlfn.XLOOKUP($A16,Index!$B$2:$B$103,Index!$C$2:$C$103,"Not Found")),"")} -> T | D16: {=IF(NOT(ISBLANK(A16)), (_xlfn.XLOOKUP($A16,Index!$B$2:B$103,Index!$A$2:$A$103,"Not Found")),"")} -> base1-75 | E16: {=IF(NOT(ISBLANK($A16)), (_xlfn.XLOOKUP($A16,Index!$B$2:$B$103,Index!$D$2:$D$103,"Not Found")),"")} -> r | F16: {=IF(NOT(ISBLANK($A16)), (_xlfn.XLOOKUP($A16,Index!$B$2:$B$103,Index!$E$2:$E$103,"Not Found")),"")} | G16: {=IF(NOT(ISBLANK(A16)), ((_xlfn.XLOOKUP(A16,Index!$B$2:$B$103,Index!$F$2:$F$103,"Not Found"))*B16),"")} -> 0 | K16: =K2 -> P | L16: =IF(NOT(ISBLANK($K2)), SUMIFS($G$2:$G$32, $C$2:$C$32,$K2), "") -> 5.5
A17: Full Heal | B17: 1 | C17: {=IF(NOT(ISBLANK($A17)), (_xlfn.XLOOKUP($A17,Index!$B$2:$B$103,Index!$C$2:$C$103,"Not Found")),"")} -> T | D17: {=IF(NOT(ISBLANK(A17)), (_xlfn.XLOOKUP($A17,Index!$B$2:B$103,Index!$A$2:$A$103,"Not Found")),"")} -> base1-82 | E17: {=IF(NOT(ISBLANK($A17)), (_xlfn.XLOOKUP($A17,Index!$B$2:$B$103,Index!$D$2:$D$103,"Not Found")),"")} -> u | F17: {=IF(NOT(ISBLANK($A17)), (_xlfn.XLOOKUP($A17,Index!$B$2:$B$103,Index!$E$2:$E$103,"Not Found")),"")} | G17: {=IF(NOT(ISBLANK(A17)), ((_xlfn.XLOOKUP(A17,Index!$B$2:$B$103,Index!$F$2:$F$103,"Not Found"))*B17),"")} -> 0 | K17: =K3 -> R | L17: =IF(NOT(ISBLANK($K3)), SUMIFS($G$2:$G$32, $C$2:$C$32,$K3), "") -> 2
A18: Professor Oak | B18: 1 | C18: {=IF(NOT(ISBLANK($A18)), (_xlfn.XLOOKUP($A18,Index!$B$2:$B$103,Index!$C$2:$C$103,"Not Found")),"")} -> T | D18: {=IF(NOT(ISBLANK(A18)), (_xlfn.XLOOKUP($A18,Index!$B$2:B$103,Index!$A$2:$A$103,"Not Found")),"")} -> base1-88 | E18: {=IF(NOT(ISBLANK($A18)), (_xlfn.XLOOKUP($A18,Index!$B$2:$B$103,Index!$D$2:$D$103,"Not Found")),"")} -> u | F18: {=IF(NOT(ISBLANK($A18)), (_xlfn.XLOOKUP($A18,Index!$B$2:$B$103,Index!$E$2:$E$103,"Not Found")),"")} | G18: {=IF(NOT(ISBLANK(A18)), ((_xlfn.XLOOKUP(A18,Index!$B$2:$B$103,Index!$F$2:$F$103,"Not Found"))*B18),"")} -> 0 | K18: =K4 -> C | L18: =IF(NOT(ISBLANK($K4)), SUMIFS($G$2:$G$32, $C$2:$C$32,$K4), "") -> 0
A19: Bill | B19: 2 | C19: {=IF(NOT(ISBLANK($A19)), (_xlfn.XLOOKUP($A19,Index!$B$2:$B$103,Index!$C$2:$C$103,"Not Found")),"")} -> T | D19: {=IF(NOT(ISBLANK(A19)), (_xlfn.XLOOKUP($A19,Index!$B$2:B$103,Index!$A$2:$A$103,"Not Found")),"")} -> base1-91 | E19: {=IF(NOT(ISBLANK($A19)), (_xlfn.XLOOKUP($A19,Index!$B$2:$B$103,Index!$D$2:$D$103,"Not Found")),"")} -> c | F19: {=IF(NOT(ISBLANK($A19)), (_xlfn.XLOOKUP($A19,Index!$B$2:$B$103,Index!$E$2:$E$103,"Not Found")),"")} | G19: {=IF(NOT(ISBLANK(A19)), ((_xlfn.XLOOKUP(A19,Index!$B$2:$B$103,Index!$F$2:$F$103,"Not Found"))*B19),"")} -> 0 | K19: =K5 | L19: =IF(NOT(ISBLANK($K5)), SUMIFS($G$2:$G$32, $C$2:$C$32,$K5), "")
A20: Switch | B20: 1 | C20: {=IF(NOT(ISBLANK($A20)), (_xlfn.XLOOKUP($A20,Index!$B$2:$B$103,Index!$C$2:$C$103,"Not Found")),"")} -> T | D20: {=IF(NOT(ISBLANK(A20)), (_xlfn.XLOOKUP($A20,Index!$B$2:B$103,Index!$A$2:$A$103,"Not Found")),"")} -> base1-95 | E20: {=IF(NOT(ISBLANK($A20)), (_xlfn.XLOOKUP($A20,Index!$B$2:$B$103,Index!$D$2:$D$103,"Not Found")),"")} -> c | F20: {=IF(NOT(ISBLANK($A20)), (_xlfn.XLOOKUP($A20,Index!$B$2:$B$103,Index!$E$2:$E$103,"Not Found")),"")} | G20: {=IF(NOT(ISBLANK(A20)), ((_xlfn.XLOOKUP(A20,Index!$B$2:$B$103,Index!$F$2:$F$103,"Not Found"))*B20),"")} -> 0 | K20: =K6
A21: Gust of Wind | B21: 1 | C21: {=IF(NOT(ISBLANK($A21)), (_xlfn.XLOOKUP($A21,Index!$B$2:$B$103,Index!$C$2:$C$103,"Not Found")),"")} -> T | D21: {=IF(NOT(ISBLANK(A21)), (_xlfn.XLOOKUP($A21,Index!$B$2:B$103,Index!$A$2:$A$103,"Not Found")),"")} -> base1-93 | E21: {=IF(NOT(ISBLANK($A21)), (_xlfn.XLOOKUP($A21,Index!$B$2:$B$103,Index!$D$2:$D$103,"Not Found")),"")} -> c | F21: {=IF(NOT(ISBLANK($A21)), (_xlfn.XLOOKUP($A21,Index!$B$2:$B$103,Index!$E$2:$E$103,"Not Found")),"")} | G21: {=IF(NOT(ISBLANK(A21)), ((_xlfn.XLOOKUP(A21,Index!$B$2:$B$103,Index!$F$2:$F$103,"Not Found"))*B21),"")} -> 0 | K21: Total: | L21: =SUM(G2:G46) -> 7.5
A22: Potion | B22: 2 | C22: {=IF(NOT(ISBLANK($A22)), (_xlfn.XLOOKUP($A22,Index!$B$2:$B$103,Index!$C$2:$C$103,"Not Found")),"")} -> T | D22: {=IF(NOT(ISBLANK(A22)), (_xlfn.XLOOKUP($A22,Index!$B$2:B$103,Index!$A$2:$A$103,"Not Found")),"")} -> base1-94 | E22: {=IF(NOT(ISBLANK($A22)), (_xlfn.XLOOKUP($A22,Index!$B$2:$B$103,Index!$D$2:$D$103,"Not Found")),"")} -> c | F22: {=IF(NOT(ISBLANK($A22)), (_xlfn.XLOOKUP($A22,Index!$B$2:$B$103,Index!$E$2:$E$103,"Not Found")),"")} | G22: {=IF(NOT(ISBLANK(A22)), ((_xlfn.XLOOKUP(A22,Index!$B$2:$B$103,Index!$F$2:$F$103,"Not Found"))*B22),"")} -> 0
A23: Energy Removal | B23: 1 | C23: {=IF(NOT(ISBLANK($A23)), (_xlfn.XLOOKUP($A23,Index!$B$2:$B$103,Index!$C$2:$C$103,"Not Found")),"")} -> T | D23: {=IF(NOT(ISBLANK(A23)), (_xlfn.XLOOKUP($A23,Index!$B$2:B$103,Index!$A$2:$A$103,"Not Found")),"")} -> base1-92 | E23: {=IF(NOT(ISBLANK($A23)), (_xlfn.XLOOKUP($A23,Index!$B$2:$B$103,Index!$D$2:$D$103,"Not Found")),"")} -> c | F23: {=IF(NOT(ISBLANK($A23)), (_xlfn.XLOOKUP($A23,Index!$B$2:$B$103,Index!$E$2:$E$103,"Not Found")),"")} | G23: {=IF(NOT(ISBLANK(A23)), ((_xlfn.XLOOKUP(A23,Index!$B$2:$B$103,Index!$F$2:$F$103,"Not Found"))*B23),"")} -> 0
A24: PlusPower | B24: 1 | C24: {=IF(NOT(ISBLANK($A24)), (_xlfn.XLOOKUP($A24,Index!$B$2:$B$103,Index!$C$2:$C$103,"Not Found")),"")} -> T | D24: {=IF(NOT(ISBLANK(A24)), (_xlfn.XLOOKUP($A24,Index!$B$2:B$103,Index!$A$2:$A$103,"Not Found")),"")} -> base1-84 | E24: {=IF(NOT(ISBLANK($A24)), (_xlfn.XLOOKUP($A24,Index!$B$2:$B$103,Index!$D$2:$D$103,"Not Found")),"")} -> u | F24: {=IF(NOT(ISBLANK($A24)), (_xlfn.XLOOKUP($A24,Index!$B$2:$B$103,Index!$E$2:$E$103,"Not Found")),"")} | G24: {=IF(NOT(ISBLANK(A24)), ((_xlfn.XLOOKUP(A24,Index!$B$2:$B$103,Index!$F$2:$F$103,"Not Found"))*B24),"")} -> 0
C25: {=IF(NOT(ISBLANK($A25)), (_xlfn.XLOOKUP($A25,Index!$B$2:$B$103,Index!$C$2:$C$103,"Not Found")),"")} | D25: {=IF(NOT(ISBLANK(A25)), (_xlfn.XLOOKUP($A25,Index!$B$2:B$103,Index!$A$2:$A$103,"Not Found")),"")} | E25: {=IF(NOT(ISBLANK($A25)), (_xlfn.XLOOKUP($A25,Index!$B$2:$B$103,Index!$D$2:$D$103,"Not Found")),"")} | F25: {=IF(NOT(ISBLANK($A25)), (_xlfn.XLOOKUP($A25,Index!$B$2:$B$103,Index!$E$2:$E$103,"Not Found")),"")} | G25: {=IF(NOT(ISBLANK(A25)), ((_xlfn.XLOOKUP(A25,Index!$B$2:$B$103,Index!$F$2:$F$103,"Not Found"))*B25),"")}
C26: {=IF(NOT(ISBLANK($A26)), (_xlfn.XLOOKUP($A26,Index!$B$2:$B$103,Index!$C$2:$C$103,"Not Found")),"")} | D26: {=IF(NOT(ISBLANK(A26)), (_xlfn.XLOOKUP($A26,Index!$B$2:B$103,Index!$A$2:$A$103,"Not Found")),"")} | E26: {=IF(NOT(ISBLANK($A26)), (_xlfn.XLOOKUP($A26,Index!$B$2:$B$103,Index!$D$2:$D$103,"Not Found")),"")} | F26: {=IF(NOT(ISBLANK($A26)), (_xlfn.XLOOKUP($A26,Index!$B$2:$B$103,Index!$E$2:$E$103,"Not Found")),"")} | G26: {=IF(NOT(ISBLANK(A26)), ((_xlfn.XLOOKUP(A26,Index!$B$2:$B$103,Index!$F$2:$F$103,"Not Found"))*B26),"")}
C27: {=IF(NOT(ISBLANK($A27)), (_xlfn.XLOOKUP($A27,Index!$B$2:$B$103,Index!$C$2:$C$103,"Not Found")),"")} | D27: {=IF(NOT(ISBLANK(A27)), (_xlfn.XLOOKUP($A27,Index!$B$2:B$103,Index!$A$2:$A$103,"Not Found")),"")} | E27: {=IF(NOT(ISBLANK($A27)), (_xlfn.XLOOKUP($A27,Index!$B$2:$B$103,Index!$D$2:$D$103,"Not Found")),"")} | F27: {=IF(NOT(ISBLANK($A27)), (_xlfn.XLOOKUP($A27,Index!$B$2:$B$103,Index!$E$2:$E$103,"Not Found")),"")} | G27: {=IF(NOT(ISBLANK(A27)), ((_xlfn.XLOOKUP(A27,Index!$B$2:$B$103,Index!$F$2:$F$103,"Not Found"))*B27),"")}
C28: {=IF(NOT(ISBLANK($A28)), (_xlfn.XLOOKUP($A28,Index!$B$2:$B$103,Index!$C$2:$C$103,"Not Found")),"")} | D28: {=IF(NOT(ISBLANK(A28)), (_xlfn.XLOOKUP($A28,Index!$B$2:B$103,Index!$A$2:$A$103,"Not Found")),"")} | E28: {=IF(NOT(ISBLANK($A28)), (_xlfn.XLOOKUP($A28,Index!$B$2:$B$103,Index!$D$2:$D$103,"Not Found")),"")} | F28: {=IF(NOT(ISBLANK($A28)), (_xlfn.XLOOKUP($A28,Index!$B$2:$B$103,Index!$E$2:$E$103,"Not Found")),"")} | G28: {=IF(NOT(ISBLANK(A28)), ((_xlfn.XLOOKUP(A28,Index!$B$2:$B$103,Index!$F$2:$F$103,"Not Found"))*B28),"")}
C29: {=IF(NOT(ISBLANK($A29)), (_xlfn.XLOOKUP($A29,Index!$B$2:$B$103,Index!$C$2:$C$103,"Not Found")),"")} | D29: {=IF(NOT(ISBLANK(A29)), (_xlfn.XLOOKUP($A29,Index!$B$2:B$103,Index!$A$2:$A$103,"Not Found")),"")} | E29: {=IF(NOT(ISBLANK($A29)), (_xlfn.XLOOKUP($A29,Index!$B$2:$B$103,Index!$D$2:$D$103,"Not Found")),"")} | F29: {=IF(NOT(ISBLANK($A29)), (_xlfn.XLOOKUP($A29,Index!$B$2:$B$103,Index!$E$2:$E$103,"Not Found")),"")} | G29: {=IF(NOT(ISBLANK(A29)), ((_xlfn.XLOOKUP(A29,Index!$B$2:$B$103,Index!$F$2:$F$103,"Not Found"))*B29),"")}
C30: {=IF(NOT(ISBLANK($A30)), (_xlfn.XLOOKUP($A30,Index!$B$2:$B$103,Index!$C$2:$C$103,"Not Found")),"")} | D30: {=IF(NOT(ISBLANK(A30)), (_xlfn.XLOOKUP($A30,Index!$B$2:B$103,Index!$A$2:$A$103,"Not Found")),"")} | E30: {=IF(NOT(ISBLANK($A30)), (_xlfn.XLOOKUP($A30,Index!$B$2:$B$103,Index!$D$2:$D$103,"Not Found")),"")} | F30: {=IF(NOT(ISBLANK($A30)), (_xlfn.XLOOKUP($A30,Index!$B$2:$B$103,Index!$E$2:$E$103,"Not Found")),"")} | G30: {=IF(NOT(ISBLANK(A30)), ((_xlfn.XLOOKUP(A30,Index!$B$2:$B$103,Index!$F$2:$F$103,"Not Found"))*B30),"")}
C31: {=IF(NOT(ISBLANK($A31)), (_xlfn.XLOOKUP($A31,Index!$B$2:$B$103,Index!$C$2:$C$103,"Not Found")),"")} | D31: {=IF(NOT(ISBLANK(A31)), (_xlfn.XLOOKUP($A31,Index!$B$2:B$103,Index!$A$2:$A$103,"Not Found")),"")} | E31: {=IF(NOT(ISBLANK($A31)), (_xlfn.XLOOKUP($A31,Index!$B$2:$B$103,Index!$D$2:$D$103,"Not Found")),"")} | F31: {=IF(NOT(ISBLANK($A31)), (_xlfn.XLOOKUP($A31,Index!$B$2:$B$103,Index!$E$2:$E$103,"Not Found")),"")} | G31: {=IF(NOT(ISBLANK(A31)), ((_xlfn.XLOOKUP(A31,Index!$B$2:$B$103,Index!$F$2:$F$103,"Not Found"))*B31),"")}
C32: {=IF(NOT(ISBLANK($A32)), (_xlfn.XLOOKUP($A32,Index!$B$2:$B$103,Index!$C$2:$C$103,"Not Found")),"")} | D32: {=IF(NOT(ISBLANK(A32)), (_xlfn.XLOOKUP($A32,Index!$B$2:B$103,Index!$A$2:$A$103,"Not Found")),"")} | E32: {=IF(NOT(ISBLANK($A32)), (_xlfn.XLOOKUP($A32,Index!$B$2:$B$103,Index!$D$2:$D$103,"Not Found")),"")} | F32: {=IF(NOT(ISBLANK($A32)), (_xlfn.XLOOKUP($A32,Index!$B$2:$B$103,Index!$E$2:$E$103,"Not Found")),"")} | G32: {=IF(NOT(ISBLANK(A32)), ((_xlfn.XLOOKUP(A32,Index!$B$2:$B$103,Index!$F$2:$F$103,"Not Found"))*B32),"")}
C33: {=IF(NOT(ISBLANK($A33)), (_xlfn.XLOOKUP($A33,Index!$B$2:$B$103,Index!$C$2:$C$103,"Not Found")),"")} | D33: {=IF(NOT(ISBLANK(A33)), (_xlfn.XLOOKUP($A33,Index!$B$2:B$103,Index!$A$2:$A$103,"Not Found")),"")} | E33: {=IF(NOT(ISBLANK($A33)), (_xlfn.XLOOKUP($A33,Index!$B$2:$B$103,Index!$D$2:$D$103,"Not Found")),"")} | F33: {=IF(NOT(ISBLANK($A33)), (_xlfn.XLOOKUP($A33,Index!$B$2:$B$103,Index!$E$2:$E$103,"Not Found")),"")} | G33: {=IF(NOT(ISBLANK(A33)), ((_xlfn.XLOOKUP(A33,Index!$B$2:$B$103,Index!$F$2:$F$103,"Not Found"))*B33),"")}
C34: {=IF(NOT(ISBLANK($A34)), (_xlfn.XLOOKUP($A34,Index!$B$2:$B$103,Index!$C$2:$C$103,"Not Found")),"")} | D34: {=IF(NOT(ISBLANK(A34)), (_xlfn.XLOOKUP($A34,Index!$B$2:B$103,Index!$A$2:$A$103,"Not Found")),"")} | E34: {=IF(NOT(ISBLANK($A34)), (_xlfn.XLOOKUP($A34,Index!$B$2:$B$103,Index!$D$2:$D$103,"Not Found")),"")} | F34: {=IF(NOT(ISBLANK($A34)), (_xlfn.XLOOKUP($A34,Index!$B$2:$B$103,Index!$E$2:$E$103,"Not Found")),"")} | G34: {=IF(NOT(ISBLANK(A34)), ((_xlfn.XLOOKUP(A34,Index!$B$2:$B$103,Index!$F$2:$F$103,"Not Found"))*B34),"")}
C35: {=IF(NOT(ISBLANK($A35)), (_xlfn.XLOOKUP($A35,Index!$B$2:$B$103,Index!$C$2:$C$103,"Not Found")),"")} | D35: {=IF(NOT(ISBLANK(A35)), (_xlfn.XLOOKUP($A35,Index!$B$2:B$103,Index!$A$2:$A$103,"Not Found")),"")} | E35: {=IF(NOT(ISBLANK($A35)), (_xlfn.XLOOKUP($A35,Index!$B$2:$B$103,Index!$D$2:$D$103,"Not Found")),"")} | F35: {=IF(NOT(ISBLANK($A35)), (_xlfn.XLOOKUP($A35,Index!$B$2:$B$103,Index!$E$2:$E$103,"Not Found")),"")} | G35: {=IF(NOT(ISBLANK(A35)), ((_xlfn.XLOOKUP(A35,Index!$B$2:$B$103,Index!$F$2:$F$103,"Not Found"))*B35),"")}
C36: {=IF(NOT(ISBLANK($A36)), (_xlfn.XLOOKUP($A36,Index!$B$2:$B$103,Index!$C$2:$C$103,"Not Found")),"")} | D36: {=IF(NOT(ISBLANK(A36)), (_xlfn.XLOOKUP($A36,Index!$B$2:B$103,Index!$A$2:$A$103,"Not Found")),"")} | E36: {=IF(NOT(ISBLANK($A36)), (_xlfn.XLOOKUP($A36,Index!$B$2:$B$103,Index!$D$2:$D$103,"Not Found")),"")} | F36: {=IF(NOT(ISBLANK($A36)), (_xlfn.XLOOKUP($A36,Index!$B$2:$B$103,Index!$E$2:$E$103,"Not Found")),"")} | G36: {=IF(NOT(ISBLANK(A36)), ((_xlfn.XLOOKUP(A36,Index!$B$2:$B$103,Index!$F$2:$F$103,"Not Found"))*B36),"")}
C37: {=IF(NOT(ISBLANK($A37)), (_xlfn.XLOOKUP($A37,Index!$B$2:$B$103,Index!$C$2:$C$103,"Not Found")),"")} | D37: {=IF(NOT(ISBLANK(A37)), (_xlfn.XLOOKUP($A37,Index!$B$2:B$103,Index!$A$2:$A$103,"Not Found")),"")} | E37: {=IF(NOT(ISBLANK($A37)), (_xlfn.XLOOKUP($A37,Index!$B$2:$B$103,Index!$D$2:$D$103,"Not Found")),"")} | F37: {=IF(NOT(ISBLANK($A37)), (_xlfn.XLOOKUP($A37,Index!$B$2:$B$103,Index!$E$2:$E$103,"Not Found")),"")}
C38: {=IF(NOT(ISBLANK($A38)), (_xlfn.XLOOKUP($A38,Index!$B$2:$B$103,Index!$C$2:$C$103,"Not Found")),"")} | D38: {=IF(NOT(ISBLANK(A38)), (_xlfn.XLOOKUP($A38,Index!$B$2:B$103,Index!$A$2:$A$103,"Not Found")),"")} | E38: {=IF(NOT(ISBLANK($A38)), (_xlfn.XLOOKUP($A38,Index!$B$2:$B$103,Index!$D$2:$D$103,"Not Found")),"")}
C39: {=IF(NOT(ISBLANK($A39)), (_xlfn.XLOOKUP($A39,Index!$B$2:$B$103,Index!$C$2:$C$103,"Not Found")),"")} | D39: {=IF(NOT(ISBLANK(A39)), (_xlfn.XLOOKUP($A39,Index!$B$2:B$103,Index!$A$2:$A$103,"Not Found")),"")} | E39: {=IF(NOT(ISBLANK($A39)), (_xlfn.XLOOKUP($A39,Index!$B$2:$B$103,Index!$D$2:$D$103,"Not Found")),"")}
D40: {=IF(NOT(ISBLANK(A40)), (_xlfn.XLOOKUP(A40,Index!B$2:B$103,Index!A$2:A$103,"Not Found")),"")} | E40: {=IF(NOT(ISBLANK($A40)), (_xlfn.XLOOKUP($A40,Index!$B$2:$B$103,Index!$D$2:$D$103,"Not Found")),"")}
D41: {=IF(NOT(ISBLANK(A41)), (_xlfn.XLOOKUP(A41,Index!B$2:B$103,Index!A$2:A$103,"Not Found")),"")}

Sheet B1 T2-3
A1: Card | B1: Quantity | C1: Type | D1: ID | E1: Stage / Rarity | F1: Remaining Evo | G1: Feature Weight | I1: Card Total | K1: Type | L1: Num | M1: Basic | N1: S1 Max | O1: S1 Mid | P1: S2 | Q1: No Evolve
A2: Weedle | B2: 4 | C2: {=IF(NOT(ISBLANK($A2)), (_xlfn.XLOOKUP($A2,Index!$B$2:$B$103,Index!$C$2:$C$103,"Not Found")),"")} -> G | D2: {=IF(NOT(ISBLANK(A2)), (_xlfn.XLOOKUP($A2,Index!$B$2:B$103,Index!$A$2:$A$103,"Not Found")),"")} -> base1-69 | E2: {=IF(NOT(ISBLANK($A2)), (_xlfn.XLOOKUP($A2,Index!$B$2:$B$103,Index!$D$2:$D$103,"Not Found")),"")} -> b | F2: {=IF(NOT(ISBLANK($A2)), (_xlfn.XLOOKUP($A2,Index!$B$2:$B$103,Index!$E$2:$E$103,"Not Found")),"")} -> y | G2: {=IF(NOT(ISBLANK(A2)), ((_xlfn.XLOOKUP(A2,Index!$B$2:$B$103,Index!$F$2:$F$103,"Not Found"))*B2),"")} -> 0 | I2: =SUM(B2:B38) -> 60 | K2: G | L2: =IF(NOT(ISBLANK(K2)), SUM(M2:P2), "") -> 13 | M2: =IF(NOT(ISBLANK($K2)), SUMIFS($B$2:$B$32, $E$2:$E$32, "B", $C$2:$C$32,$K2), "") -> 8 | N2: =IF(NOT(ISBLANK($K2)),SUMIFS($B$2:$B$32,$E$2:$E$32, "1", $C$2:$C$32,$K2,$F$2:$F$32,"N"), "") -> 0 | O2: =IF(NOT(ISBLANK($K2)),SUMIFS($B$2:$B$32,$E$2:$E$32, "1", $C$2:$C$32,$K2,$F$2:$F$32,"Y"), "") -> 4 | P2: =IF(NOT(ISBLANK($K2)),SUMIFS($B$2:$B$32,$E$2:$E$32, "2", $C$2:$C$32,$K2), "") -> 1 | Q2: =IF(NOT(ISBLANK($K2)),SUMIFS($B$2:$B$32,$E$2:$E$32, "B", $C$2:$C$32,$K2,$F$2:$F$32,"N"), "") -> 1
A3: Kakuna | B3: 3 | C3: {=IF(NOT(ISBLANK($A3)), (_xlfn.XLOOKUP($A3,Index!$B$2:$B$103,Index!$C$2:$C$103,"Not Found")),"")} -> G | D3: {=IF(NOT(ISBLANK(A3)), (_xlfn.XLOOKUP($A3,Index!$B$2:B$103,Index!$A$2:$A$103,"Not Found")),"")} -> base1-33 | E3: {=IF(NOT(ISBLANK($A3)), (_xlfn.XLOOKUP($A3,Index!$B$2:$B$103,Index!$D$2:$D$103,"Not Found")),"")} -> 1 | F3: {=IF(NOT(ISBLANK($A3)), (_xlfn.XLOOKUP($A3,Index!$B$2:$B$103,Index!$E$2:$E$103,"Not Found")),"")} -> y | G3: {=IF(NOT(ISBLANK(A3)), ((_xlfn.XLOOKUP(A3,Index!$B$2:$B$103,Index!$F$2:$F$103,"Not Found"))*B3),"")} -> 0 | K3: E | L3: =IF(NOT(ISBLANK(K3)), SUM(M3:P3), "") -> 8 | M3: =IF(NOT(ISBLANK($K3)), SUMIFS($B$2:$B$32, $E$2:$E$32, "B", $C$2:$C$32,$K3), "") -> 7 | N3: =IF(NOT(ISBLANK($K3)),SUMIFS($B$2:$B$32,$E$2:$E$32, "1", $C$2:$C$32,$K3,$F$2:$F$32,"N"), "") -> 1 | O3: =IF(NOT(ISBLANK($K3)),SUMIFS($B$2:$B$32,$E$2:$E$32, "1", $C$2:$C$32,$K3,$F$2:$F$32,"Y"), "") -> 0 | P3: =IF(NOT(ISBLANK($K3)),SUMIFS($B$2:$B$32,$E$2:$E$32, "2", $C$2:$C$32,$K3), "") -> 0 | Q3: =IF(NOT(ISBLANK($K3)),SUMIFS($B$2:$B$32,$E$2:$E$32, "B", $C$2:$C$32,$K3,$F$2:$F$32,"N"), "") -> 2
A4: Beedrill | B4: 1 | C4: {=IF(NOT(ISBLANK($A4)), (_xlfn.XLOOKUP($A4,Index!$B$2:$B$103,Index!$C$2:$C$103,"Not Found")),"")} -> G | D4: {=IF(NOT(ISBLANK(A4)), (_xlfn.XLOOKUP($A4,Index!$B$2:B$103,Index!$A$2:$A$103,"Not Found")),"")} -> base1-17 | E4: {=IF(NOT(ISBLANK($A4)), (_xlfn.XLOOKUP($A4,Index!$B$2:$B$103,Index!$D$2:$D$103,"Not Found")),"")} -> 2 | F4: {=IF(NOT(ISBLANK($A4)), (_xlfn.XLOOKUP($A4,Index!$B$2:$B$103,Index!$E$2:$E$103,"Not Found")),"")} | G4: {=IF(NOT(ISBLANK(A4)), ((_xlfn.XLOOKUP(A4,Index!$B$2:$B$103,Index!$F$2:$F$103,"Not Found"))*B4),"")} -> 3 | K4: C | L4: =IF(NOT(ISBLANK(K4)), SUM(M4:P4), "") -> 1 | M4: =IF(NOT(ISBLANK($K4)), SUMIFS($B$2:$B$32, $E$2:$E$32, "B", $C$2:$C$32,$K4), "") -> 1 | N4: =IF(NOT(ISBLANK($K4)),SUMIFS($B$2:$B$32,$E$2:$E$32, "1", $C$2:$C$32,$K4,$F$2:$F$32,"N"), "") -> 0 | O4: =IF(NOT(ISBLANK($K4)),SUMIFS($B$2:$B$32,$E$2:$E$32, "1", $C$2:$C$32,$K4,$F$2:$F$32,"Y"), "") -> 0 | P4: =IF(NOT(ISBLANK($K4)),SUMIFS($B$2:$B$32,$E$2:$E$32, "2", $C$2:$C$32,$K4), "") -> 0 | Q4: =IF(NOT(ISBLANK($K4)),SUMIFS($B$2:$B$32,$E$2:$E$32, "B", $C$2:$C$32,$K4,$F$2:$F$32,"N"), "") -> 0
A5: Tangela | B5: 1 | C5: {=IF(NOT(ISBLANK($A5)), (_xlfn.XLOOKUP($A5,Index!$B$2:$B$103,Index!$C$2:$C$103,"Not Found")),"")} -> G | D5: {=IF(NOT(ISBLANK(A5)), (_xlfn.XLOOKUP($A5,Index!$B$2:B$103,Index!$A$2:$A$103,"Not Found")),"")} -> base1-66 | E5: {=IF(NOT(ISBLANK($A5)), (_xlfn.XLOOKUP($A5,Index!$B$2:$B$103,Index!$D$2:$D$103,"Not Found")),"")} -> b | F5: {=IF(NOT(ISBLANK($A5)), (_xlfn.XLOOKUP($A5,Index!$B$2:$B$103,Index!$E$2:$E$103,"Not Found")),"")} -> n | G5: {=IF(NOT(ISBLANK(A5)), ((_xlfn.XLOOKUP(A5,Index!$B$2:$B$103,Index!$F$2:$F$103,"Not Found"))*B5),"")} -> 0 | L5: =IF(NOT(ISBLANK(K5)), SUM(M5:P5), "") | M5: =IF(NOT(ISBLANK($K5)), SUMIFS($B$2:$B$32, $E$2:$E$32, "B", $C$2:$C$32,$K5), "") | N5: =IF(NOT(ISBLANK($K5)),SUMIFS($B$2:$B$32,$E$2:$E$32, "1", $C$2:$C$32,$K5,$F$2:$F$32,"N"), "") | O5: =IF(NOT(ISBLANK($K5)),SUMIFS($B$2:$B$32,$E$2:$E$32, "1", $C$2:$C$32,$K5,$F$2:$F$32,"Y"), "") | P5: =IF(NOT(ISBLANK($K5)),SUMIFS($B$2:$B$32,$E$2:$E$32, "2", $C$2:$C$32,$K5), "") | Q5: =IF(NOT(ISBLANK($K5)),SUMIFS($B$2:$B$32,$E$2:$E$32, "B", $C$2:$C$32,$K5,$F$2:$F$32,"N"), "")
A6: Caterpie | B6: 2 | C6: {=IF(NOT(ISBLANK($A6)), (_xlfn.XLOOKUP($A6,Index!$B$2:$B$103,Index!$C$2:$C$103,"Not Found")),"")} -> G | D6: {=IF(NOT(ISBLANK(A6)), (_xlfn.XLOOKUP($A6,Index!$B$2:B$103,Index!$A$2:$A$103,"Not Found")),"")} -> base1-45 | E6: {=IF(NOT(ISBLANK($A6)), (_xlfn.XLOOKUP($A6,Index!$B$2:$B$103,Index!$D$2:$D$103,"Not Found")),"")} -> b | F6: {=IF(NOT(ISBLANK($A6)), (_xlfn.XLOOKUP($A6,Index!$B$2:$B$103,Index!$E$2:$E$103,"Not Found")),"")} -> y | G6: {=IF(NOT(ISBLANK(A6)), ((_xlfn.XLOOKUP(A6,Index!$B$2:$B$103,Index!$F$2:$F$103,"Not Found"))*B6),"")} -> 0 | L6: =IF(NOT(ISBLANK(K6)), SUM(M6:P6), "") | M6: =IF(NOT(ISBLANK($K6)), COUNTIFS($E$2:$E$32, "B", $C$2:$C$32,$K6), "") | N6: =IF(NOT(ISBLANK(K6)),COUNTIFS($E$2:$E$32, "1", $C$2:$C$32,$K6,$F$2:$F$32,"N"), "") | O6: =IF(NOT(ISBLANK($K6)),COUNTIFS($E$2:$E$32, "1", $C$2:$C$32,$K6,$F$2:$F$32,"Y"), "") | P6: =IF(NOT(ISBLANK($K6)),COUNTIFS($E$2:$E$32, "2", $C$2:$C$32,$K6), "") | Q6: =IF(NOT(ISBLANK($K6)),COUNTIFS($E$2:$E$32, "B", $C$2:$C$32,$K6,$F$2:$F$32,"N"), "")
A7: Metapod | B7: 1 | C7: {=IF(NOT(ISBLANK($A7)), (_xlfn.XLOOKUP($A7,Index!$B$2:$B$103,Index!$C$2:$C$103,"Not Found")),"")} -> G | D7: {=IF(NOT(ISBLANK(A7)), (_xlfn.XLOOKUP($A7,Index!$B$2:B$103,Index!$A$2:$A$103,"Not Found")),"")} -> base1-54 | E7: {=IF(NOT(ISBLANK($A7)), (_xlfn.XLOOKUP($A7,Index!$B$2:$B$103,Index!$D$2:$D$103,"Not Found")),"")} -> 1 | F7: {=IF(NOT(ISBLANK($A7)), (_xlfn.XLOOKUP($A7,Index!$B$2:$B$103,Index!$E$2:$E$103,"Not Found")),"")} -> y | G7: {=IF(NOT(ISBLANK(A7)), ((_xlfn.XLOOKUP(A7,Index!$B$2:$B$103,Index!$F$2:$F$103,"Not Found"))*B7),"")} -> 0 | K7: Total | L7: =SUM(L2:L6) -> 22 | M7: =SUM(M2:M6) -> 16 | N7: =SUM(N2:N6) -> 1 | O7: =SUM(O2:O6) -> 4 | P7: =SUM(P2:P6) -> 1 | Q7: =SUM(Q2:Q6) -> 3
A8: Pikachu | B8: 3 | C8: {=IF(NOT(ISBLANK($A8)), (_xlfn.XLOOKUP($A8,Index!$B$2:$B$103,Index!$C$2:$C$103,"Not Found")),"")} -> E | D8: {=IF(NOT(ISBLANK(A8)), (_xlfn.XLOOKUP($A8,Index!$B$2:B$103,Index!$A$2:$A$103,"Not Found")),"")} -> base1-58 | E8: {=IF(NOT(ISBLANK($A8)), (_xlfn.XLOOKUP($A8,Index!$B$2:$B$103,Index!$D$2:$D$103,"Not Found")),"")} -> b | F8: {=IF(NOT(ISBLANK($A8)), (_xlfn.XLOOKUP($A8,Index!$B$2:$B$103,Index!$E$2:$E$103,"Not Found")),"")} -> y | G8: {=IF(NOT(ISBLANK(A8)), ((_xlfn.XLOOKUP(A8,Index!$B$2:$B$103,Index!$F$2:$F$103,"Not Found"))*B8),"")} -> 0
A9: Raichu | B9: 1 | C9: {=IF(NOT(ISBLANK($A9)), (_xlfn.XLOOKUP($A9,Index!$B$2:$B$103,Index!$C$2:$C$103,"Not Found")),"")} -> E | D9: {=IF(NOT(ISBLANK(A9)), (_xlfn.XLOOKUP($A9,Index!$B$2:B$103,Index!$A$2:$A$103,"Not Found")),"")} -> base1-14 | E9: {=IF(NOT(ISBLANK($A9)), (_xlfn.XLOOKUP($A9,Index!$B$2:$B$103,Index!$D$2:$D$103,"Not Found")),"")} -> 1 | F9: {=IF(NOT(ISBLANK($A9)), (_xlfn.XLOOKUP($A9,Index!$B$2:$B$103,Index!$E$2:$E$103,"Not Found")),"")} -> n | G9: {=IF(NOT(ISBLANK(A9)), ((_xlfn.XLOOKUP(A9,Index!$B$2:$B$103,Index!$F$2:$F$103,"Not Found"))*B9),"")} -> 2 | M9: Common | N9: Uncommon | O9: Rare
A10: Voltorb | B10: 2 | C10: {=IF(NOT(ISBLANK($A10)), (_xlfn.XLOOKUP($A10,Index!$B$2:$B$103,Index!$C$2:$C$103,"Not Found")),"")} -> E | D10: {=IF(NOT(ISBLANK(A10)), (_xlfn.XLOOKUP($A10,Index!$B$2:B$103,Index!$A$2:$A$103,"Not Found")),"")} -> base1-67 | E10: {=IF(NOT(ISBLANK($A10)), (_xlfn.XLOOKUP($A10,Index!$B$2:$B$103,Index!$D$2:$D$103,"Not Found")),"")} -> b | F10: {=IF(NOT(ISBLANK($A10)), (_xlfn.XLOOKUP($A10,Index!$B$2:$B$103,Index!$E$2:$E$103,"Not Found")),"")} -> y | G10: {=IF(NOT(ISBLANK(A10)), ((_xlfn.XLOOKUP(A10,Index!$B$2:$B$103,Index!$F$2:$F$103,"Not Found"))*B10),"")} -> 0 | K10: Trainer | L10: =SUM(M10:P10) -> 10 | M10: =IF(NOT(ISBLANK($K10)), SUMIFS($B$2:$B$32,$E$2:$E$32, "C", $C$2:$C$32,"T"), "") -> 6 | N10: =IF(NOT(ISBLANK($K10)), SUMIFS($B$2:$B$32,$E$2:$E$32, "U", $C$2:$C$32,"T"), "") -> 3 | O10: =IF(NOT(ISBLANK($K$2)), SUMIFS($B$2:$B$32,$E$2:$E$32, "R", $C$2:$C$32,"T"), "") -> 1
A11: Electabuzz | B11: 1 | C11: {=IF(NOT(ISBLANK($A11)), (_xlfn.XLOOKUP($A11,Index!$B$2:$B$103,Index!$C$2:$C$103,"Not Found")),"")} -> E | D11: {=IF(NOT(ISBLANK(A11)), (_xlfn.XLOOKUP($A11,Index!$B$2:B$103,Index!$A$2:$A$103,"Not Found")),"")} -> base1-20 | E11: {=IF(NOT(ISBLANK($A11)), (_xlfn.XLOOKUP($A11,Index!$B$2:$B$103,Index!$D$2:$D$103,"Not Found")),"")} -> b | F11: {=IF(NOT(ISBLANK($A11)), (_xlfn.XLOOKUP($A11,Index!$B$2:$B$103,Index!$E$2:$E$103,"Not Found")),"")} -> n | G11: {=IF(NOT(ISBLANK(A11)), ((_xlfn.XLOOKUP(A11,Index!$B$2:$B$103,Index!$F$2:$F$103,"Not Found"))*B11),"")} -> 1 | K11: Energy | L11: =IF(NOT(ISBLANK($K$2)), SUMIFS($B$2:$B$32, $C$2:$C$32,"Energy"), "") -> 28
A12: Doduo | B12: 1 | C12: {=IF(NOT(ISBLANK($A12)), (_xlfn.XLOOKUP($A12,Index!$B$2:$B$103,Index!$C$2:$C$103,"Not Found")),"")} -> C | D12: {=IF(NOT(ISBLANK(A12)), (_xlfn.XLOOKUP($A12,Index!$B$2:B$103,Index!$A$2:$A$103,"Not Found")),"")} -> base1-48 | E12: {=IF(NOT(ISBLANK($A12)), (_xlfn.XLOOKUP($A12,Index!$B$2:$B$103,Index!$D$2:$D$103,"Not Found")),"")} -> b | F12: {=IF(NOT(ISBLANK($A12)), (_xlfn.XLOOKUP($A12,Index!$B$2:$B$103,Index!$E$2:$E$103,"Not Found")),"")} -> y | G12: {=IF(NOT(ISBLANK(A12)), ((_xlfn.XLOOKUP(A12,Index!$B$2:$B$103,Index!$F$2:$F$103,"Not Found"))*B12),"")} -> 0 | K12: Pokemon | L12: =L7 -> 22
A13: Grass Energy | B13: 16 | C13: {=IF(NOT(ISBLANK($A13)), (_xlfn.XLOOKUP($A13,Index!$B$2:$B$103,Index!$C$2:$C$103,"Not Found")),"")} -> Energy | D13: {=IF(NOT(ISBLANK(A13)), (_xlfn.XLOOKUP($A13,Index!$B$2:B$103,Index!$A$2:$A$103,"Not Found")),"")} -> base1-99 | E13: {=IF(NOT(ISBLANK($A13)), (_xlfn.XLOOKUP($A13,Index!$B$2:$B$103,Index!$D$2:$D$103,"Not Found")),"")} | F13: {=IF(NOT(ISBLANK($A13)), (_xlfn.XLOOKUP($A13,Index!$B$2:$B$103,Index!$E$2:$E$103,"Not Found")),"")} | G13: {=IF(NOT(ISBLANK(A13)), ((_xlfn.XLOOKUP(A13,Index!$B$2:$B$103,Index!$F$2:$F$103,"Not Found"))*B13),"")} -> 0
A14: Lightning Energy | B14: 12 | C14: {=IF(NOT(ISBLANK($A14)), (_xlfn.XLOOKUP($A14,Index!$B$2:$B$103,Index!$C$2:$C$103,"Not Found")),"")} -> Energy | D14: {=IF(NOT(ISBLANK(A14)), (_xlfn.XLOOKUP($A14,Index!$B$2:B$103,Index!$A$2:$A$103,"Not Found")),"")} -> base1-100 | E14: {=IF(NOT(ISBLANK($A14)), (_xlfn.XLOOKUP($A14,Index!$B$2:$B$103,Index!$D$2:$D$103,"Not Found")),"")} | F14: {=IF(NOT(ISBLANK($A14)), (_xlfn.XLOOKUP($A14,Index!$B$2:$B$103,Index!$E$2:$E$103,"Not Found")),"")} | G14: {=IF(NOT(ISBLANK(A14)), ((_xlfn.XLOOKUP(A14,Index!$B$2:$B$103,Index!$F$2:$F$103,"Not Found"))*B14),"")} -> 0
A15: Scoop Up | B15: 1 | C15: {=IF(NOT(ISBLANK($A15)), (_xlfn.XLOOKUP($A15,Index!$B$2:$B$103,Index!$C$2:$C$103,"Not Found")),"")} -> T | D15: {=IF(NOT(ISBLANK(A15)), (_xlfn.XLOOKUP($A15,Index!$B$2:B$103,Index!$A$2:$A$103,"Not Found")),"")} -> base1-78 | E15: {=IF(NOT(ISBLANK($A15)), (_xlfn.XLOOKUP($A15,Index!$B$2:$B$103,Index!$D$2:$D$103,"Not Found")),"")} -> r | F15: {=IF(NOT(ISBLANK($A15)), (_xlfn.XLOOKUP($A15,Index!$B$2:$B$103,Index!$E$2:$E$103,"Not Found")),"")} | G15: {=IF(NOT(ISBLANK(A15)), ((_xlfn.XLOOKUP(A15,Index!$B$2:$B$103,Index!$F$2:$F$103,"Not Found"))*B15),"")} -> 0 | K15: Feature Weight:
A16: Defender | B16: 1 | C16: {=IF(NOT(ISBLANK($A16)), (_xlfn.XLOOKUP($A16,Index!$B$2:$B$103,Index!$C$2:$C$103,"Not Found")),"")} -> T | D16: {=IF(NOT(ISBLANK(A16)), (_xlfn.XLOOKUP($A16,Index!$B$2:B$103,Index!$A$2:$A$103,"Not Found")),"")} -> base1-80 | E16: {=IF(NOT(ISBLANK($A16)), (_xlfn.XLOOKUP($A16,Index!$B$2:$B$103,Index!$D$2:$D$103,"Not Found")),"")} -> u | F16: {=IF(NOT(ISBLANK($A16)), (_xlfn.XLOOKUP($A16,Index!$B$2:$B$103,Index!$E$2:$E$103,"Not Found")),"")} | G16: {=IF(NOT(ISBLANK(A16)), ((_xlfn.XLOOKUP(A16,Index!$B$2:$B$103,Index!$F$2:$F$103,"Not Found"))*B16),"")} -> 0 | K16: =K2 -> G | L16: =IF(NOT(ISBLANK($K2)), SUMIFS($G$2:$G$32, $C$2:$C$32,$K2), "") -> 3
A17: Super Potion | B17: 1 | C17: {=IF(NOT(ISBLANK($A17)), (_xlfn.XLOOKUP($A17,Index!$B$2:$B$103,Index!$C$2:$C$103,"Not Found")),"")} -> T | D17: {=IF(NOT(ISBLANK(A17)), (_xlfn.XLOOKUP($A17,Index!$B$2:B$103,Index!$A$2:$A$103,"Not Found")),"")} -> base1-90 | E17: {=IF(NOT(ISBLANK($A17)), (_xlfn.XLOOKUP($A17,Index!$B$2:$B$103,Index!$D$2:$D$103,"Not Found")),"")} -> u | F17: {=IF(NOT(ISBLANK($A17)), (_xlfn.XLOOKUP($A17,Index!$B$2:$B$103,Index!$E$2:$E$103,"Not Found")),"")} | G17: {=IF(NOT(ISBLANK(A17)), ((_xlfn.XLOOKUP(A17,Index!$B$2:$B$103,Index!$F$2:$F$103,"Not Found"))*B17),"")} -> 0 | K17: =K3 -> E | L17: =IF(NOT(ISBLANK($K3)), SUMIFS($G$2:$G$32, $C$2:$C$32,$K3), "") -> 4.5
A18: Professor Oak | B18: 1 | C18: {=IF(NOT(ISBLANK($A18)), (_xlfn.XLOOKUP($A18,Index!$B$2:$B$103,Index!$C$2:$C$103,"Not Found")),"")} -> T | D18: {=IF(NOT(ISBLANK(A18)), (_xlfn.XLOOKUP($A18,Index!$B$2:B$103,Index!$A$2:$A$103,"Not Found")),"")} -> base1-88 | E18: {=IF(NOT(ISBLANK($A18)), (_xlfn.XLOOKUP($A18,Index!$B$2:$B$103,Index!$D$2:$D$103,"Not Found")),"")} -> u | F18: {=IF(NOT(ISBLANK($A18)), (_xlfn.XLOOKUP($A18,Index!$B$2:$B$103,Index!$E$2:$E$103,"Not Found")),"")} | G18: {=IF(NOT(ISBLANK(A18)), ((_xlfn.XLOOKUP(A18,Index!$B$2:$B$103,Index!$F$2:$F$103,"Not Found"))*B18),"")} -> 0 | K18: =K4 -> C | L18: =IF(NOT(ISBLANK($K4)), SUMIFS($G$2:$G$32, $C$2:$C$32,$K4), "") -> 0
A19: Bill | B19: 2 | C19: {=IF(NOT(ISBLANK($A19)), (_xlfn.XLOOKUP($A19,Index!$B$2:$B$103,Index!$C$2:$C$103,"Not Found")),"")} -> T | D19: {=IF(NOT(ISBLANK(A19)), (_xlfn.XLOOKUP($A19,Index!$B$2:B$103,Index!$A$2:$A$103,"Not Found")),"")} -> base1-91 | E19: {=IF(NOT(ISBLANK($A19)), (_xlfn.XLOOKUP($A19,Index!$B$2:$B$103,Index!$D$2:$D$103,"Not Found")),"")} -> c | F19: {=IF(NOT(ISBLANK($A19)), (_xlfn.XLOOKUP($A19,Index!$B$2:$B$103,Index!$E$2:$E$103,"Not Found")),"")} | G19: {=IF(NOT(ISBLANK(A19)), ((_xlfn.XLOOKUP(A19,Index!$B$2:$B$103,Index!$F$2:$F$103,"Not Found"))*B19),"")} -> 0 | K19: =K5 | L19: =IF(NOT(ISBLANK($K5)), SUMIFS($G$2:$G$32, $C$2:$C$32,$K5), "")
A20: Switch | B20: 2 | C20: {=IF(NOT(ISBLANK($A20)), (_xlfn.XLOOKUP($A20,Index!$B$2:$B$103,Index!$C$2:$C$103,"Not Found")),"")} -> T | D20: {=IF(NOT(ISBLANK(A20)), (_xlfn.XLOOKUP($A20,Index!$B$2:B$103,Index!$A$2:$A$103,"Not Found")),"")} -> base1-95 | E20: {=IF(NOT(ISBLANK($A20)), (_xlfn.XLOOKUP($A20,Index!$B$2:$B$103,Index!$D$2:$D$103,"Not Found")),"")} -> c | F20: {=IF(NOT(ISBLANK($A20)), (_xlfn.XLOOKUP($A20,Index!$B$2:$B$103,Index!$E$2:$E$103,"Not Found")),"")} | G20: {=IF(NOT(ISBLANK(A20)), ((_xlfn.XLOOKUP(A20,Index!$B$2:$B$103,Index!$F$2:$F$103,"Not Found"))*B20),"")} -> 0 | K20: =K6
A21: Potion | B21: 1 | C21: {=IF(NOT(ISBLANK($A21)), (_xlfn.XLOOKUP($A21,Index!$B$2:$B$103,Index!$C$2:$C$103,"Not Found")),"")} -> T | D21: {=IF(NOT(ISBLANK(A21)), (_xlfn.XLOOKUP($A21,Index!$B$2:B$103,Index!$A$2:$A$103,"Not Found")),"")} -> base1-94 | E21: {=IF(NOT(ISBLANK($A21)), (_xlfn.XLOOKUP($A21,Index!$B$2:$B$103,Index!$D$2:$D$103,"Not Found")),"")} -> c | F21: {=IF(NOT(ISBLANK($A21)), (_xlfn.XLOOKUP($A21,Index!$B$2:$B$103,Index!$E$2:$E$103,"Not Found")),"")} | G21: {=IF(NOT(ISBLANK(A21)), ((_xlfn.XLOOKUP(A21,Index!$B$2:$B$103,Index!$F$2:$F$103,"Not Found"))*B21),"")} -> 0 | K21: Total: | L21: =SUM(G2:G46) -> 7.5
A22: Energy Removal | B22: 1 | C22: {=IF(NOT(ISBLANK($A22)), (_xlfn.XLOOKUP($A22,Index!$B$2:$B$103,Index!$C$2:$C$103,"Not Found")),"")} -> T | D22: {=IF(NOT(ISBLANK(A22)), (_xlfn.XLOOKUP($A22,Index!$B$2:B$103,Index!$A$2:$A$103,"Not Found")),"")} -> base1-92 | E22: {=IF(NOT(ISBLANK($A22)), (_xlfn.XLOOKUP($A22,Index!$B$2:$B$103,Index!$D$2:$D$103,"Not Found")),"")} -> c | F22: {=IF(NOT(ISBLANK($A22)), (_xlfn.XLOOKUP($A22,Index!$B$2:$B$103,Index!$E$2:$E$103,"Not Found")),"")} | G22: {=IF(NOT(ISBLANK(A22)), ((_xlfn.XLOOKUP(A22,Index!$B$2:$B$103,Index!$F$2:$F$103,"Not Found"))*B22),"")} -> 0
A23: Zapdos | B23: 1 | C23: {=IF(NOT(ISBLANK($A23)), (_xlfn.XLOOKUP($A23,Index!$B$2:$B$103,Index!$C$2:$C$103,"Not Found")),"")} -> E | D23: {=IF(NOT(ISBLANK(A23)), (_xlfn.XLOOKUP($A23,Index!$B$2:B$103,Index!$A$2:$A$103,"Not Found")),"")} -> base1-16 | E23: {=IF(NOT(ISBLANK($A23)), (_xlfn.XLOOKUP($A23,Index!$B$2:$B$103,Index!$D$2:$D$103,"Not Found")),"")} -> b | F23: {=IF(NOT(ISBLANK($A23)), (_xlfn.XLOOKUP($A23,Index!$B$2:$B$103,Index!$E$2:$E$103,"Not Found")),"")} -> n | G23: {=IF(NOT(ISBLANK(A23)), ((_xlfn.XLOOKUP(A23,Index!$B$2:$B$103,Index!$F$2:$F$103,"Not Found"))*B23),"")} -> 1.5
A24: Koffing | B24: 1 | C24: {=IF(NOT(ISBLANK($A24)), (_xlfn.XLOOKUP($A24,Index!$B$2:$B$103,Index!$C$2:$C$103,"Not Found")),"")} -> G | D24: {=IF(NOT(ISBLANK(A24)), (_xlfn.XLOOKUP($A24,Index!$B$2:B$103,Index!$A$2:$A$103,"Not Found")),"")} -> base1-51 | E24: {=IF(NOT(ISBLANK($A24)), (_xlfn.XLOOKUP($A24,Index!$B$2:$B$103,Index!$D$2:$D$103,"Not Found")),"")} -> b | F24: {=IF(NOT(ISBLANK($A24)), (_xlfn.XLOOKUP($A24,Index!$B$2:$B$103,Index!$E$2:$E$103,"Not Found")),"")} -> y | G24: {=IF(NOT(ISBLANK(A24)), ((_xlfn.XLOOKUP(A24,Index!$B$2:$B$103,Index!$F$2:$F$103,"Not Found"))*B24),"")} -> 0
C25: {=IF(NOT(ISBLANK($A25)), (_xlfn.XLOOKUP($A25,Index!$B$2:$B$103,Index!$C$2:$C$103,"Not Found")),"")} | D25: {=IF(NOT(ISBLANK(A25)), (_xlfn.XLOOKUP($A25,Index!$B$2:B$103,Index!$A$2:$A$103,"Not Found")),"")} | E25: {=IF(NOT(ISBLANK($A25)), (_xlfn.XLOOKUP($A25,Index!$B$2:$B$103,Index!$D$2:$D$103,"Not Found")),"")} | F25: {=IF(NOT(ISBLANK($A25)), (_xlfn.XLOOKUP($A25,Index!$B$2:$B$103,Index!$E$2:$E$103,"Not Found")),"")} | G25: {=IF(NOT(ISBLANK(A25)), ((_xlfn.XLOOKUP(A25,Index!$B$2:$B$103,Index!$F$2:$F$103,"Not Found"))*B25),"")}
C26: {=IF(NOT(ISBLANK($A26)), (_xlfn.XLOOKUP($A26,Index!$B$2:$B$103,Index!$C$2:$C$103,"Not Found")),"")} | D26: {=IF(NOT(ISBLANK(A26)), (_xlfn.XLOOKUP($A26,Index!$B$2:B$103,Index!$A$2:$A$103,"Not Found")),"")} | E26: {=IF(NOT(ISBLANK($A26)), (_xlfn.XLOOKUP($A26,Index!$B$2:$B$103,Index!$D$2:$D$103,"Not Found")),"")} | F26: {=IF(NOT(ISBLANK($A26)), (_xlfn.XLOOKUP($A26,Index!$B$2:$B$103,Index!$E$2:$E$103,"Not Found")),"")} | G26: {=IF(NOT(ISBLANK(A26)), ((_xlfn.XLOOKUP(A26,Index!$B$2:$B$103,Index!$F$2:$F$103,"Not Found"))*B26),"")}
C27: {=IF(NOT(ISBLANK($A27)), (_xlfn.XLOOKUP($A27,Index!$B$2:$B$103,Index!$C$2:$C$103,"Not Found")),"")} | D27: {=IF(NOT(ISBLANK(A27)), (_xlfn.XLOOKUP($A27,Index!$B$2:B$103,Index!$A$2:$A$103,"Not Found")),"")} | E27: {=IF(NOT(ISBLANK($A27)), (_xlfn.XLOOKUP($A27,Index!$B$2:$B$103,Index!$D$2:$D$103,"Not Found")),"")} | F27: {=IF(NOT(ISBLANK($A27)), (_xlfn.XLOOKUP($A27,Index!$B$2:$B$103,Index!$E$2:$E$103,"Not Found")),"")} | G27: {=IF(NOT(ISBLANK(A27)), ((_xlfn.XLOOKUP(A27,Index!$B$2:$B$103,Index!$F$2:$F$103,"Not Found"))*B27),"")}
C28: {=IF(NOT(ISBLANK($A28)), (_xlfn.XLOOKUP($A28,Index!$B$2:$B$103,Index!$C$2:$C$103,"Not Found")),"")} | D28: {=IF(NOT(ISBLANK(A28)), (_xlfn.XLOOKUP($A28,Index!$B$2:B$103,Index!$A$2:$A$103,"Not Found")),"")} | E28: {=IF(NOT(ISBLANK($A28)), (_xlfn.XLOOKUP($A28,Index!$B$2:$B$103,Index!$D$2:$D$103,"Not Found")),"")} | F28: {=IF(NOT(ISBLANK($A28)), (_xlfn.XLOOKUP($A28,Index!$B$2:$B$103,Index!$E$2:$E$103,"Not Found")),"")} | G28: {=IF(NOT(ISBLANK(A28)), ((_xlfn.XLOOKUP(A28,Index!$B$2:$B$103,Index!$F$2:$F$103,"Not Found"))*B28),"")}
C29: {=IF(NOT(ISBLANK($A29)), (_xlfn.XLOOKUP($A29,Index!$B$2:$B$103,Index!$C$2:$C$103,"Not Found")),"")} | D29: {=IF(NOT(ISBLANK(A29)), (_xlfn.XLOOKUP($A29,Index!$B$2:B$103,Index!$A$2:$A$103,"Not Found")),"")} | E29: {=IF(NOT(ISBLANK($A29)), (_xlfn.XLOOKUP($A29,Index!$B$2:$B$103,Index!$D$2:$D$103,"Not Found")),"")} | F29: {=IF(NOT(ISBLANK($A29)), (_xlfn.XLOOKUP($A29,Index!$B$2:$B$103,Index!$E$2:$E$103,"Not Found")),"")} | G29: {=IF(NOT(ISBLANK(A29)), ((_xlfn.XLOOKUP(A29,Index!$B$2:$B$103,Index!$F$2:$F$103,"Not Found"))*B29),"")}
C30: {=IF(NOT(ISBLANK($A30)), (_xlfn.XLOOKUP($A30,Index!$B$2:$B$103,Index!$C$2:$C$103,"Not Found")),"")} | D30: {=IF(NOT(ISBLANK(A30)), (_xlfn.XLOOKUP($A30,Index!$B$2:B$103,Index!$A$2:$A$103,"Not Found")),"")} | E30: {=IF(NOT(ISBLANK($A30)), (_xlfn.XLOOKUP($A30,Index!$B$2:$B$103,Index!$D$2:$D$103,"Not Found")),"")} | F30: {=IF(NOT(ISBLANK($A30)), (_xlfn.XLOOKUP($A30,Index!$B$2:$B$103,Index!$E$2:$E$103,"Not Found")),"")} | G30: {=IF(NOT(ISBLANK(A30)), ((_xlfn.XLOOKUP(A30,Index!$B$2:$B$103,Index!$F$2:$F$103,"Not Found"))*B30),"")}
C31: {=IF(NOT(ISBLANK($A31)), (_xlfn.XLOOKUP($A31,Index!$B$2:$B$103,Index!$C$2:$C$103,"Not Found")),"")} | D31: {=IF(NOT(ISBLANK(A31)), (_xlfn.XLOOKUP($A31,Index!$B$2:B$103,Index!$A$2:$A$103,"Not Found")),"")} | E31: {=IF(NOT(ISBLANK($A31)), (_xlfn.XLOOKUP($A31,Index!$B$2:$B$103,Index!$D$2:$D$103,"Not Found")),"")} | F31: {=IF(NOT(ISBLANK($A31)), (_xlfn.XLOOKUP($A31,Index!$B$2:$B$103,Index!$E$2:$E$103,"Not Found")),"")} | G31: {=IF(NOT(ISBLANK(A31)), ((_xlfn.XLOOKUP(A31,Index!$B$2:$B$103,Index!$F$2:$F$103,"Not Found"))*B31),"")}
C32: {=IF(NOT(ISBLANK($A32)), (_xlfn.XLOOKUP($A32,Index!$B$2:$B$103,Index!$C$2:$C$103,"Not Found")),"")} | D32: {=IF(NOT(ISBLANK(A32)), (_xlfn.XLOOKUP($A32,Index!$B$2:B$103,Index!$A$2:$A$103,"Not Found")),"")} | E32: {=IF(NOT(ISBLANK($A32)), (_xlfn.XLOOKUP($A32,Index!$B$2:$B$103,Index!$D$2:$D$103,"Not Found")),"")} | F32: {=IF(NOT(ISBLANK($A32)), (_xlfn.XLOOKUP($A32,Index!$B$2:$B$103,Index!$E$2:$E$103,"Not Found")),"")} | G32: {=IF(NOT(ISBLANK(A32)), ((_xlfn.XLOOKUP(A32,Index!$B$2:$B$103,Index!$F$2:$F$103,"Not Found"))*B32),"")}
C33: {=IF(NOT(ISBLANK($A33)), (_xlfn.XLOOKUP($A33,Index!$B$2:$B$103,Index!$C$2:$C$103,"Not Found")),"")} | D33: {=IF(NOT(ISBLANK(A33)), (_xlfn.XLOOKUP($A33,Index!$B$2:B$103,Index!$A$2:$A$103,"Not Found")),"")} | E33: {=IF(NOT(ISBLANK($A33)), (_xlfn.XLOOKUP($A33,Index!$B$2:$B$103,Index!$D$2:$D$103,"Not Found")),"")} | F33: {=IF(NOT(ISBLANK($A33)), (_xlfn.XLOOKUP($A33,Index!$B$2:$B$103,Index!$E$2:$E$103,"Not Found")),"")} | G33: {=IF(NOT(ISBLANK(A33)), ((_xlfn.XLOOKUP(A33,Index!$B$2:$B$103,Index!$F$2:$F$103,"Not Found"))*B33),"")}
C34: {=IF(NOT(ISBLANK($A34)), (_xlfn.XLOOKUP($A34,Index!$B$2:$B$103,Index!$C$2:$C$103,"Not Found")),"")} | D34: {=IF(NOT(ISBLANK(A34)), (_xlfn.XLOOKUP($A34,Index!$B$2:B$103,Index!$A$2:$A$103,"Not Found")),"")} | E34: {=IF(NOT(ISBLANK($A34)), (_xlfn.XLOOKUP($A34,Index!$B$2:$B$103,Index!$D$2:$D$103,"Not Found")),"")} | F34: {=IF(NOT(ISBLANK($A34)), (_xlfn.XLOOKUP($A34,Index!$B$2:$B$103,Index!$E$2:$E$103,"Not Found")),"")} | G34: {=IF(NOT(ISBLANK(A34)), ((_xlfn.XLOOKUP(A34,Index!$B$2:$B$103,Index!$F$2:$F$103,"Not Found"))*B34),"")}
C35: {=IF(NOT(ISBLANK($A35)), (_xlfn.XLOOKUP($A35,Index!$B$2:$B$103,Index!$C$2:$C$103,"Not Found")),"")} | D35: {=IF(NOT(ISBLANK(A35)), (_xlfn.XLOOKUP($A35,Index!$B$2:B$103,Index!$A$2:$A$103,"Not Found")),"")} | E35: {=IF(NOT(ISBLANK($A35)), (_xlfn.XLOOKUP($A35,Index!$B$2:$B$103,Index!$D$2:$D$103,"Not Found")),"")} | F35: {=IF(NOT(ISBLANK($A35)), (_xlfn.XLOOKUP($A35,Index!$B$2:$B$103,Index!$E$2:$E$103,"Not Found")),"")} | G35: {=IF(NOT(ISBLANK(A35)), ((_xlfn.XLOOKUP(A35,Index!$B$2:$B$103,Index!$F$2:$F$103,"Not Found"))*B35),"")}
C36: {=IF(NOT(ISBLANK($A36)), (_xlfn.XLOOKUP($A36,Index!$B$2:$B$103,Index!$C$2:$C$103,"Not Found")),"")} | D36: {=IF(NOT(ISBLANK(A36)), (_xlfn.XLOOKUP($A36,Index!$B$2:B$103,Index!$A$2:$A$103,"Not Found")),"")} | E36: {=IF(NOT(ISBLANK($A36)), (_xlfn.XLOOKUP($A36,Index!$B$2:$B$103,Index!$D$2:$D$103,"Not Found")),"")} | F36: {=IF(NOT(ISBLANK($A36)), (_xlfn.XLOOKUP($A36,Index!$B$2:$B$103,Index!$E$2:$E$103,"Not Found")),"")} | G36: {=IF(NOT(ISBLANK(A36)), ((_xlfn.XLOOKUP(A36,Index!$B$2:$B$103,Index!$F$2:$F$103,"Not Found"))*B36),"")}
C37: {=IF(NOT(ISBLANK($A37)), (_xlfn.XLOOKUP($A37,Index!$B$2:$B$103,Index!$C$2:$C$103,"Not Found")),"")} | D37: {=IF(NOT(ISBLANK(A37)), (_xlfn.XLOOKUP($A37,Index!$B$2:B$103,Index!$A$2:$A$103,"Not Found")),"")} | E37: {=IF(NOT(ISBLANK($A37)), (_xlfn.XLOOKUP($A37,Index!$B$2:$B$103,Index!$D$2:$D$103,"Not Found")),"")} | F37: {=IF(NOT(ISBLANK($A37)), (_xlfn.XLOOKUP($A37,Index!$B$2:$B$103,Index!$E$2:$E$103,"Not Found")),"")}
D38: {=IF(NOT(ISBLANK(A38)), (_xlfn.XLOOKUP(A38,Index!$B$2:B$103,Index!$A$2:$A$103,"Not Found")),"")} | E38: {=IF(NOT(ISBLANK($A38)), (_xlfn.XLOOKUP($A38,Index!$B$2:$B$103,Index!$D$2:$D$103,"Not Found")),"")}
D39: {=IF(NOT(ISBLANK(A39)), (_xlfn.XLOOKUP(A39,Index!$B$2:B$103,Index!$A$2:$A$103,"Not Found")),"")} | E39: {=IF(NOT(ISBLANK($A39)), (_xlfn.XLOOKUP($A39,Index!$B$2:$B$103,Index!$D$2:$D$103,"Not Found")),"")}
D40: {=IF(NOT(ISBLANK(A40)), (_xlfn.XLOOKUP(A40,Index!B$2:B$103,Index!A$2:A$103,"Not Found")),"")} | E40: {=IF(NOT(ISBLANK($A40)), (_xlfn.XLOOKUP($A40,Index!$B$2:$B$103,Index!$D$2:$D$103,"Not Found")),"")}
D41: {=IF(NOT(ISBLANK(A41)), (_xlfn.XLOOKUP(A41,Index!B$2:B$103,Index!A$2:A$103,"Not Found")),"")}

Sheet B1 T2-4
A1: Card | B1: Quantity | C1: Type | D1: ID | E1: Stage / Rarity | F1: Remaining Evo | G1: Feature Weight | I1: Card Total | K1: Type | L1: Num | M1: Basic | N1: S1 Max | O1: S1 Mid | P1: S2 | Q1: No Evolve
A2: Magnemite | B2: 3 | C2: {=IF(NOT(ISBLANK($A2)), (_xlfn.XLOOKUP($A2,Index!$B$2:$B$103,Index!$C$2:$C$103,"Not Found")),"")} -> E | D2: {=IF(NOT(ISBLANK(A2)), (_xlfn.XLOOKUP($A2,Index!$B$2:B$103,Index!$A$2:$A$103,"Not Found")),"")} -> base1-53 | E2: {=IF(NOT(ISBLANK($A2)), (_xlfn.XLOOKUP($A2,Index!$B$2:$B$103,Index!$D$2:$D$103,"Not Found")),"")} -> b | F2: {=IF(NOT(ISBLANK($A2)), (_xlfn.XLOOKUP($A2,Index!$B$2:$B$103,Index!$E$2:$E$103,"Not Found")),"")} -> y | G2: {=IF(NOT(ISBLANK(A2)), ((_xlfn.XLOOKUP(A2,Index!$B$2:$B$103,Index!$F$2:$F$103,"Not Found"))*B2),"")} -> 0 | I2: =SUM(B2:B38) -> 60 | K2: E | L2: =IF(NOT(ISBLANK(K2)), SUM(M2:P2), "") -> 8 | M2: =IF(NOT(ISBLANK($K2)), SUMIFS($B$2:$B$32, $E$2:$E$32, "B", $C$2:$C$32,$K2), "") -> 6 | N2: =IF(NOT(ISBLANK($K2)),SUMIFS($B$2:$B$32,$E$2:$E$32, "1", $C$2:$C$32,$K2,$F$2:$F$32,"N"), "") -> 2 | O2: =IF(NOT(ISBLANK($K2)),SUMIFS($B$2:$B$32,$E$2:$E$32, "1", $C$2:$C$32,$K2,$F$2:$F$32,"Y"), "") -> 0 | P2: =IF(NOT(ISBLANK($K2)),SUMIFS($B$2:$B$32,$E$2:$E$32, "2", $C$2:$C$32,$K2), "") -> 0 | Q2: =IF(NOT(ISBLANK($K2)),SUMIFS($B$2:$B$32,$E$2:$E$32, "B", $C$2:$C$32,$K2,$F$2:$F$32,"N"), "") -> 0
A3: Magneton | B3: 1 | C3: {=IF(NOT(ISBLANK($A3)), (_xlfn.XLOOKUP($A3,Index!$B$2:$B$103,Index!$C$2:$C$103,"Not Found")),"")} -> E | D3: {=IF(NOT(ISBLANK(A3)), (_xlfn.XLOOKUP($A3,Index!$B$2:B$103,Index!$A$2:$A$103,"Not Found")),"")} -> base1-9 | E3: {=IF(NOT(ISBLANK($A3)), (_xlfn.XLOOKUP($A3,Index!$B$2:$B$103,Index!$D$2:$D$103,"Not Found")),"")} -> 1 | F3: {=IF(NOT(ISBLANK($A3)), (_xlfn.XLOOKUP($A3,Index!$B$2:$B$103,Index!$E$2:$E$103,"Not Found")),"")} -> n | G3: {=IF(NOT(ISBLANK(A3)), ((_xlfn.XLOOKUP(A3,Index!$B$2:$B$103,Index!$F$2:$F$103,"Not Found"))*B3),"")} -> 2 | K3: F | L3: =IF(NOT(ISBLANK(K3)), SUM(M3:P3), "") -> 7 | M3: =IF(NOT(ISBLANK($K3)), SUMIFS($B$2:$B$32, $E$2:$E$32, "B", $C$2:$C$32,$K3), "") -> 4 | N3: =IF(NOT(ISBLANK($K3)),SUMIFS($B$2:$B$32,$E$2:$E$32, "1", $C$2:$C$32,$K3,$F$2:$F$32,"N"), "") -> 0 | O3: =IF(NOT(ISBLANK($K3)),SUMIFS($B$2:$B$32,$E$2:$E$32, "1", $C$2:$C$32,$K3,$F$2:$F$32,"Y"), "") -> 2 | P3: =IF(NOT(ISBLANK($K3)),SUMIFS($B$2:$B$32,$E$2:$E$32, "2", $C$2:$C$32,$K3), "") -> 1 | Q3: =IF(NOT(ISBLANK($K3)),SUMIFS($B$2:$B$32,$E$2:$E$32, "B", $C$2:$C$32,$K3,$F$2:$F$32,"N"), "") -> 1
A4: Voltorb | B4: 3 | C4: {=IF(NOT(ISBLANK($A4)), (_xlfn.XLOOKUP($A4,Index!$B$2:$B$103,Index!$C$2:$C$103,"Not Found")),"")} -> E | D4: {=IF(NOT(ISBLANK(A4)), (_xlfn.XLOOKUP($A4,Index!$B$2:B$103,Index!$A$2:$A$103,"Not Found")),"")} -> base1-67 | E4: {=IF(NOT(ISBLANK($A4)), (_xlfn.XLOOKUP($A4,Index!$B$2:$B$103,Index!$D$2:$D$103,"Not Found")),"")} -> b | F4: {=IF(NOT(ISBLANK($A4)), (_xlfn.XLOOKUP($A4,Index!$B$2:$B$103,Index!$E$2:$E$103,"Not Found")),"")} -> y | G4: {=IF(NOT(ISBLANK(A4)), ((_xlfn.XLOOKUP(A4,Index!$B$2:$B$103,Index!$F$2:$F$103,"Not Found"))*B4),"")} -> 0 | K4: C | L4: =IF(NOT(ISBLANK(K4)), SUM(M4:P4), "") -> 8 | M4: =IF(NOT(ISBLANK($K4)), SUMIFS($B$2:$B$32, $E$2:$E$32, "B", $C$2:$C$32,$K4), "") -> 5 | N4: =IF(NOT(ISBLANK($K4)),SUMIFS($B$2:$B$32,$E$2:$E$32, "1", $C$2:$C$32,$K4,$F$2:$F$32,"N"), "") -> 2 | O4: =IF(NOT(ISBLANK($K4)),SUMIFS($B$2:$B$32,$E$2:$E$32, "1", $C$2:$C$32,$K4,$F$2:$F$32,"Y"), "") -> 1 | P4: =IF(NOT(ISBLANK($K4)),SUMIFS($B$2:$B$32,$E$2:$E$32, "2", $C$2:$C$32,$K4), "") -> 0 | Q4: =IF(NOT(ISBLANK($K4)),SUMIFS($B$2:$B$32,$E$2:$E$32, "B", $C$2:$C$32,$K4,$F$2:$F$32,"N"), "") -> 0
A5: Electrode | B5: 1 | C5: {=IF(NOT(ISBLANK($A5)), (_xlfn.XLOOKUP($A5,Index!$B$2:$B$103,Index!$C$2:$C$103,"Not Found")),"")} -> E | D5: {=IF(NOT(ISBLANK(A5)), (_xlfn.XLOOKUP($A5,Index!$B$2:B$103,Index!$A$2:$A$103,"Not Found")),"")} -> base1-21 | E5: {=IF(NOT(ISBLANK($A5)), (_xlfn.XLOOKUP($A5,Index!$B$2:$B$103,Index!$D$2:$D$103,"Not Found")),"")} -> 1 | F5: {=IF(NOT(ISBLANK($A5)), (_xlfn.XLOOKUP($A5,Index!$B$2:$B$103,Index!$E$2:$E$103,"Not Found")),"")} -> n | G5: {=IF(NOT(ISBLANK(A5)), ((_xlfn.XLOOKUP(A5,Index!$B$2:$B$103,Index!$F$2:$F$103,"Not Found"))*B5),"")} -> 2 | L5: =IF(NOT(ISBLANK(K5)), SUM(M5:P5), "") | M5: =IF(NOT(ISBLANK($K5)), SUMIFS($B$2:$B$32, $E$2:$E$32, "B", $C$2:$C$32,$K5), "") | N5: =IF(NOT(ISBLANK($K5)),SUMIFS($B$2:$B$32,$E$2:$E$32, "1", $C$2:$C$32,$K5,$F$2:$F$32,"N"), "") | O5: =IF(NOT(ISBLANK($K5)),SUMIFS($B$2:$B$32,$E$2:$E$32, "1", $C$2:$C$32,$K5,$F$2:$F$32,"Y"), "") | P5: =IF(NOT(ISBLANK($K5)),SUMIFS($B$2:$B$32,$E$2:$E$32, "2", $C$2:$C$32,$K5), "") | Q5: =IF(NOT(ISBLANK($K5)),SUMIFS($B$2:$B$32,$E$2:$E$32, "B", $C$2:$C$32,$K5,$F$2:$F$32,"N"), "")
A6: Machop | B6: 3 | C6: {=IF(NOT(ISBLANK($A6)), (_xlfn.XLOOKUP($A6,Index!$B$2:$B$103,Index!$C$2:$C$103,"Not Found")),"")} -> F | D6: {=IF(NOT(ISBLANK(A6)), (_xlfn.XLOOKUP($A6,Index!$B$2:B$103,Index!$A$2:$A$103,"Not Found")),"")} -> base1-52 | E6: {=IF(NOT(ISBLANK($A6)), (_xlfn.XLOOKUP($A6,Index!$B$2:$B$103,Index!$D$2:$D$103,"Not Found")),"")} -> b | F6: {=IF(NOT(ISBLANK($A6)), (_xlfn.XLOOKUP($A6,Index!$B$2:$B$103,Index!$E$2:$E$103,"Not Found")),"")} -> y | G6: {=IF(NOT(ISBLANK(A6)), ((_xlfn.XLOOKUP(A6,Index!$B$2:$B$103,Index!$F$2:$F$103,"Not Found"))*B6),"")} -> 0 | L6: =IF(NOT(ISBLANK(K6)), SUM(M6:P6), "") | M6: =IF(NOT(ISBLANK($K6)), COUNTIFS($E$2:$E$32, "B", $C$2:$C$32,$K6), "") | N6: =IF(NOT(ISBLANK(K6)),COUNTIFS($E$2:$E$32, "1", $C$2:$C$32,$K6,$F$2:$F$32,"N"), "") | O6: =IF(NOT(ISBLANK($K6)),COUNTIFS($E$2:$E$32, "1", $C$2:$C$32,$K6,$F$2:$F$32,"Y"), "") | P6: =IF(NOT(ISBLANK($K6)),COUNTIFS($E$2:$E$32, "2", $C$2:$C$32,$K6), "") | Q6: =IF(NOT(ISBLANK($K6)),COUNTIFS($E$2:$E$32, "B", $C$2:$C$32,$K6,$F$2:$F$32,"N"), "")
A7: Machoke | B7: 2 | C7: {=IF(NOT(ISBLANK($A7)), (_xlfn.XLOOKUP($A7,Index!$B$2:$B$103,Index!$C$2:$C$103,"Not Found")),"")} -> F | D7: {=IF(NOT(ISBLANK(A7)), (_xlfn.XLOOKUP($A7,Index!$B$2:B$103,Index!$A$2:$A$103,"Not Found")),"")} -> base1-34 | E7: {=IF(NOT(ISBLANK($A7)), (_xlfn.XLOOKUP($A7,Index!$B$2:$B$103,Index!$D$2:$D$103,"Not Found")),"")} -> 1 | F7: {=IF(NOT(ISBLANK($A7)), (_xlfn.XLOOKUP($A7,Index!$B$2:$B$103,Index!$E$2:$E$103,"Not Found")),"")} -> y | G7: {=IF(NOT(ISBLANK(A7)), ((_xlfn.XLOOKUP(A7,Index!$B$2:$B$103,Index!$F$2:$F$103,"Not Found"))*B7),"")} -> 0 | K7: Total | L7: =SUM(L2:L6) -> 23 | M7: =SUM(M2:M6) -> 15 | N7: =SUM(N2:N6) -> 4 | O7: =SUM(O2:O6) -> 3 | P7: =SUM(P2:P6) -> 1 | Q7: =SUM(Q2:Q6) -> 1
A8: Machamp | B8: 1 | C8: {=IF(NOT(ISBLANK($A8)), (_xlfn.XLOOKUP($A8,Index!$B$2:$B$103,Index!$C$2:$C$103,"Not Found")),"")} -> F | D8: {=IF(NOT(ISBLANK(A8)), (_xlfn.XLOOKUP($A8,Index!$B$2:B$103,Index!$A$2:$A$103,"Not Found")),"")} -> base1-8 | E8: {=IF(NOT(ISBLANK($A8)), (_xlfn.XLOOKUP($A8,Index!$B$2:$B$103,Index!$D$2:$D$103,"Not Found")),"")} -> 2 | F8: {=IF(NOT(ISBLANK($A8)), (_xlfn.XLOOKUP($A8,Index!$B$2:$B$103,Index!$E$2:$E$103,"Not Found")),"")} | G8: {=IF(NOT(ISBLANK(A8)), ((_xlfn.XLOOKUP(A8,Index!$B$2:$B$103,Index!$F$2:$F$103,"Not Found"))*B8),"")} -> 3
A9: Pidgey | B9: 2 | C9: {=IF(NOT(ISBLANK($A9)), (_xlfn.XLOOKUP($A9,Index!$B$2:$B$103,Index!$C$2:$C$103,"Not Found")),"")} -> C | D9: {=IF(NOT(ISBLANK(A9)), (_xlfn.XLOOKUP($A9,Index!$B$2:B$103,Index!$A$2:$A$103,"Not Found")),"")} -> base1-57 | E9: {=IF(NOT(ISBLANK($A9)), (_xlfn.XLOOKUP($A9,Index!$B$2:$B$103,Index!$D$2:$D$103,"Not Found")),"")} -> b | F9: {=IF(NOT(ISBLANK($A9)), (_xlfn.XLOOKUP($A9,Index!$B$2:$B$103,Index!$E$2:$E$103,"Not Found")),"")} -> y | G9: {=IF(NOT(ISBLANK(A9)), ((_xlfn.XLOOKUP(A9,Index!$B$2:$B$103,Index!$F$2:$F$103,"Not Found"))*B9),"")} -> 0 | M9: Common | N9: Uncommon | O9: Rare
A10: Pidgeotto | B10: 1 | C10: {=IF(NOT(ISBLANK($A10)), (_xlfn.XLOOKUP($A10,Index!$B$2:$B$103,Index!$C$2:$C$103,"Not Found")),"")} -> C | D10: {=IF(NOT(ISBLANK(A10)), (_xlfn.XLOOKUP($A10,Index!$B$2:B$103,Index!$A$2:$A$103,"Not Found")),"")} -> base1-22 | E10: {=IF(NOT(ISBLANK($A10)), (_xlfn.XLOOKUP($A10,Index!$B$2:$B$103,Index!$D$2:$D$103,"Not Found")),"")} -> 1 | F10: {=IF(NOT(ISBLANK($A10)), (_xlfn.XLOOKUP($A10,Index!$B$2:$B$103,Index!$E$2:$E$103,"Not Found")),"")} -> y | G10: {=IF(NOT(ISBLANK(A10)), ((_xlfn.XLOOKUP(A10,Index!$B$2:$B$103,Index!$F$2:$F$103,"Not Found"))*B10),"")} -> 0 | K10: Trainer | L10: =SUM(M10:P10) -> 9 | M10: =IF(NOT(ISBLANK($K10)), SUMIFS($B$2:$B$32,$E$2:$E$32, "C", $C$2:$C$32,"T"), "") -> 5 | N10: =IF(NOT(ISBLANK($K10)), SUMIFS($B$2:$B$32,$E$2:$E$32, "U", $C$2:$C$32,"T"), "") -> 3 | O10: =IF(NOT(ISBLANK($K$2)), SUMIFS($B$2:$B$32,$E$2:$E$32, "R", $C$2:$C$32,"T"), "") -> 1
A11: Rattata | B11: 3 | C11: {=IF(NOT(ISBLANK($A11)), (_xlfn.XLOOKUP($A11,Index!$B$2:$B$103,Index!$C$2:$C$103,"Not Found")),"")} -> C | D11: {=IF(NOT(ISBLANK(A11)), (_xlfn.XLOOKUP($A11,Index!$B$2:B$103,Index!$A$2:$A$103,"Not Found")),"")} -> base1-61 | E11: {=IF(NOT(ISBLANK($A11)), (_xlfn.XLOOKUP($A11,Index!$B$2:$B$103,Index!$D$2:$D$103,"Not Found")),"")} -> b | F11: {=IF(NOT(ISBLANK($A11)), (_xlfn.XLOOKUP($A11,Index!$B$2:$B$103,Index!$E$2:$E$103,"Not Found")),"")} -> y | G11: {=IF(NOT(ISBLANK(A11)), ((_xlfn.XLOOKUP(A11,Index!$B$2:$B$103,Index!$F$2:$F$103,"Not Found"))*B11),"")} -> 0 | K11: Energy | L11: =IF(NOT(ISBLANK($K$2)), SUMIFS($B$2:$B$32, $C$2:$C$32,"Energy"), "") -> 28
A12: Raticate | B12: 2 | C12: {=IF(NOT(ISBLANK($A12)), (_xlfn.XLOOKUP($A12,Index!$B$2:$B$103,Index!$C$2:$C$103,"Not Found")),"")} -> C | D12: {=IF(NOT(ISBLANK(A12)), (_xlfn.XLOOKUP($A12,Index!$B$2:B$103,Index!$A$2:$A$103,"Not Found")),"")} -> base1-40 | E12: {=IF(NOT(ISBLANK($A12)), (_xlfn.XLOOKUP($A12,Index!$B$2:$B$103,Index!$D$2:$D$103,"Not Found")),"")} -> 1 | F12: {=IF(NOT(ISBLANK($A12)), (_xlfn.XLOOKUP($A12,Index!$B$2:$B$103,Index!$E$2:$E$103,"Not Found")),"")} -> n | G12: {=IF(NOT(ISBLANK(A12)), ((_xlfn.XLOOKUP(A12,Index!$B$2:$B$103,Index!$F$2:$F$103,"Not Found"))*B12),"")} -> 0 | K12: Pokemon | L12: =L7 -> 23
A13: Lightning Energy | B13: 15 | C13: {=IF(NOT(ISBLANK($A13)), (_xlfn.XLOOKUP($A13,Index!$B$2:$B$103,Index!$C$2:$C$103,"Not Found")),"")} -> Energy | D13: {=IF(NOT(ISBLANK(A13)), (_xlfn.XLOOKUP($A13,Index!$B$2:B$103,Index!$A$2:$A$103,"Not Found")),"")} -> base1-100 | E13: {=IF(NOT(ISBLANK($A13)), (_xlfn.XLOOKUP($A13,Index!$B$2:$B$103,Index!$D$2:$D$103,"Not Found")),"")} | F13: {=IF(NOT(ISBLANK($A13)), (_xlfn.XLOOKUP($A13,Index!$B$2:$B$103,Index!$E$2:$E$103,"Not Found")),"")} | G13: {=IF(NOT(ISBLANK(A13)), ((_xlfn.XLOOKUP(A13,Index!$B$2:$B$103,Index!$F$2:$F$103,"Not Found"))*B13),"")} -> 0
A14: Fighting Energy | B14: 13 | C14: {=IF(NOT(ISBLANK($A14)), (_xlfn.XLOOKUP($A14,Index!$B$2:$B$103,Index!$C$2:$C$103,"Not Found")),"")} -> Energy | D14: {=IF(NOT(ISBLANK(A14)), (_xlfn.XLOOKUP($A14,Index!$B$2:B$103,Index!$A$2:$A$103,"Not Found")),"")} -> base1-97 | E14: {=IF(NOT(ISBLANK($A14)), (_xlfn.XLOOKUP($A14,Index!$B$2:$B$103,Index!$D$2:$D$103,"Not Found")),"")} | F14: {=IF(NOT(ISBLANK($A14)), (_xlfn.XLOOKUP($A14,Index!$B$2:$B$103,Index!$E$2:$E$103,"Not Found")),"")} | G14: {=IF(NOT(ISBLANK(A14)), ((_xlfn.XLOOKUP(A14,Index!$B$2:$B$103,Index!$F$2:$F$103,"Not Found"))*B14),"")} -> 0
A15: Super Energy Removal | B15: 1 | C15: {=IF(NOT(ISBLANK($A15)), (_xlfn.XLOOKUP($A15,Index!$B$2:$B$103,Index!$C$2:$C$103,"Not Found")),"")} -> T | D15: {=IF(NOT(ISBLANK(A15)), (_xlfn.XLOOKUP($A15,Index!$B$2:B$103,Index!$A$2:$A$103,"Not Found")),"")} -> base1-79 | E15: {=IF(NOT(ISBLANK($A15)), (_xlfn.XLOOKUP($A15,Index!$B$2:$B$103,Index!$D$2:$D$103,"Not Found")),"")} -> r | F15: {=IF(NOT(ISBLANK($A15)), (_xlfn.XLOOKUP($A15,Index!$B$2:$B$103,Index!$E$2:$E$103,"Not Found")),"")} | G15: {=IF(NOT(ISBLANK(A15)), ((_xlfn.XLOOKUP(A15,Index!$B$2:$B$103,Index!$F$2:$F$103,"Not Found"))*B15),"")} -> 0 | K15: Feature Weight:
A16: Professor Oak | B16: 2 | C16: {=IF(NOT(ISBLANK($A16)), (_xlfn.XLOOKUP($A16,Index!$B$2:$B$103,Index!$C$2:$C$103,"Not Found")),"")} -> T | D16: {=IF(NOT(ISBLANK(A16)), (_xlfn.XLOOKUP($A16,Index!$B$2:B$103,Index!$A$2:$A$103,"Not Found")),"")} -> base1-88 | E16: {=IF(NOT(ISBLANK($A16)), (_xlfn.XLOOKUP($A16,Index!$B$2:$B$103,Index!$D$2:$D$103,"Not Found")),"")} -> u | F16: {=IF(NOT(ISBLANK($A16)), (_xlfn.XLOOKUP($A16,Index!$B$2:$B$103,Index!$E$2:$E$103,"Not Found")),"")} | G16: {=IF(NOT(ISBLANK(A16)), ((_xlfn.XLOOKUP(A16,Index!$B$2:$B$103,Index!$F$2:$F$103,"Not Found"))*B16),"")} -> 0 | K16: =K2 -> E | L16: =IF(NOT(ISBLANK($K2)), SUMIFS($G$2:$G$32, $C$2:$C$32,$K2), "") -> 4
A17: Bill | B17: 2 | C17: {=IF(NOT(ISBLANK($A17)), (_xlfn.XLOOKUP($A17,Index!$B$2:$B$103,Index!$C$2:$C$103,"Not Found")),"")} -> T | D17: {=IF(NOT(ISBLANK(A17)), (_xlfn.XLOOKUP($A17,Index!$B$2:B$103,Index!$A$2:$A$103,"Not Found")),"")} -> base1-91 | E17: {=IF(NOT(ISBLANK($A17)), (_xlfn.XLOOKUP($A17,Index!$B$2:$B$103,Index!$D$2:$D$103,"Not Found")),"")} -> c | F17: {=IF(NOT(ISBLANK($A17)), (_xlfn.XLOOKUP($A17,Index!$B$2:$B$103,Index!$E$2:$E$103,"Not Found")),"")} | G17: {=IF(NOT(ISBLANK(A17)), ((_xlfn.XLOOKUP(A17,Index!$B$2:$B$103,Index!$F$2:$F$103,"Not Found"))*B17),"")} -> 0 | K17: =K3 -> F | L17: =IF(NOT(ISBLANK($K3)), SUMIFS($G$2:$G$32, $C$2:$C$32,$K3), "") -> 3
A18: Gust of Wind | B18: 1 | C18: {=IF(NOT(ISBLANK($A18)), (_xlfn.XLOOKUP($A18,Index!$B$2:$B$103,Index!$C$2:$C$103,"Not Found")),"")} -> T | D18: {=IF(NOT(ISBLANK(A18)), (_xlfn.XLOOKUP($A18,Index!$B$2:B$103,Index!$A$2:$A$103,"Not Found")),"")} -> base1-93 | E18: {=IF(NOT(ISBLANK($A18)), (_xlfn.XLOOKUP($A18,Index!$B$2:$B$103,Index!$D$2:$D$103,"Not Found")),"")} -> c | F18: {=IF(NOT(ISBLANK($A18)), (_xlfn.XLOOKUP($A18,Index!$B$2:$B$103,Index!$E$2:$E$103,"Not Found")),"")} | G18: {=IF(NOT(ISBLANK(A18)), ((_xlfn.XLOOKUP(A18,Index!$B$2:$B$103,Index!$F$2:$F$103,"Not Found"))*B18),"")} -> 0 | K18: =K4 -> C | L18: =IF(NOT(ISBLANK($K4)), SUMIFS($G$2:$G$32, $C$2:$C$32,$K4), "") -> 0
A19: Potion | B19: 2 | C19: {=IF(NOT(ISBLANK($A19)), (_xlfn.XLOOKUP($A19,Index!$B$2:$B$103,Index!$C$2:$C$103,"Not Found")),"")} -> T | D19: {=IF(NOT(ISBLANK(A19)), (_xlfn.XLOOKUP($A19,Index!$B$2:B$103,Index!$A$2:$A$103,"Not Found")),"")} -> base1-94 | E19: {=IF(NOT(ISBLANK($A19)), (_xlfn.XLOOKUP($A19,Index!$B$2:$B$103,Index!$D$2:$D$103,"Not Found")),"")} -> c | F19: {=IF(NOT(ISBLANK($A19)), (_xlfn.XLOOKUP($A19,Index!$B$2:$B$103,Index!$E$2:$E$103,"Not Found")),"")} | G19: {=IF(NOT(ISBLANK(A19)), ((_xlfn.XLOOKUP(A19,Index!$B$2:$B$103,Index!$F$2:$F$103,"Not Found"))*B19),"")} -> 0 | K19: =K5 | L19: =IF(NOT(ISBLANK($K5)), SUMIFS($G$2:$G$32, $C$2:$C$32,$K5), "")
A20: Energy Retrieval | B20: 1 | C20: {=IF(NOT(ISBLANK($A20)), (_xlfn.XLOOKUP($A20,Index!$B$2:$B$103,Index!$C$2:$C$103,"Not Found")),"")} -> T | D20: {=IF(NOT(ISBLANK(A20)), (_xlfn.XLOOKUP($A20,Index!$B$2:B$103,Index!$A$2:$A$103,"Not Found")),"")} -> base1-81 | E20: {=IF(NOT(ISBLANK($A20)), (_xlfn.XLOOKUP($A20,Index!$B$2:$B$103,Index!$D$2:$D$103,"Not Found")),"")} -> u | F20: {=IF(NOT(ISBLANK($A20)), (_xlfn.XLOOKUP($A20,Index!$B$2:$B$103,Index!$E$2:$E$103,"Not Found")),"")} | G20: {=IF(NOT(ISBLANK(A20)), ((_xlfn.XLOOKUP(A20,Index!$B$2:$B$103,Index!$F$2:$F$103,"Not Found"))*B20),"")} -> 0 | K20: =K6
A21: Onix | B21: 1 | C21: {=IF(NOT(ISBLANK($A21)), (_xlfn.XLOOKUP($A21,Index!$B$2:$B$103,Index!$C$2:$C$103,"Not Found")),"")} -> F | D21: {=IF(NOT(ISBLANK(A21)), (_xlfn.XLOOKUP($A21,Index!$B$2:B$103,Index!$A$2:$A$103,"Not Found")),"")} -> base1-56 | E21: {=IF(NOT(ISBLANK($A21)), (_xlfn.XLOOKUP($A21,Index!$B$2:$B$103,Index!$D$2:$D$103,"Not Found")),"")} -> b | F21: {=IF(NOT(ISBLANK($A21)), (_xlfn.XLOOKUP($A21,Index!$B$2:$B$103,Index!$E$2:$E$103,"Not Found")),"")} -> n | G21: {=IF(NOT(ISBLANK(A21)), ((_xlfn.XLOOKUP(A21,Index!$B$2:$B$103,Index!$F$2:$F$103,"Not Found"))*B21),"")} -> 0 | K21: Total: | L21: =SUM(G2:G46) -> 7
C22: {=IF(NOT(ISBLANK($A22)), (_xlfn.XLOOKUP($A22,Index!$B$2:$B$103,Index!$C$2:$C$103,"Not Found")),"")} | D22: {=IF(NOT(ISBLANK(A22)), (_xlfn.XLOOKUP($A22,Index!$B$2:B$103,Index!$A$2:$A$103,"Not Found")),"")} | E22: {=IF(NOT(ISBLANK($A22)), (_xlfn.XLOOKUP($A22,Index!$B$2:$B$103,Index!$D$2:$D$103,"Not Found")),"")} | F22: {=IF(NOT(ISBLANK($A22)), (_xlfn.XLOOKUP($A22,Index!$B$2:$B$103,Index!$E$2:$E$103,"Not Found")),"")} | G22: {=IF(NOT(ISBLANK(A22)), ((_xlfn.XLOOKUP(A22,Index!$B$2:$B$103,Index!$F$2:$F$103,"Not Found"))*B22),"")}
C23: {=IF(NOT(ISBLANK($A23)), (_xlfn.XLOOKUP($A23,Index!$B$2:$B$103,Index!$C$2:$C$103,"Not Found")),"")} | D23: {=IF(NOT(ISBLANK(A23)), (_xlfn.XLOOKUP($A23,Index!$B$2:B$103,Index!$A$2:$A$103,"Not Found")),"")} | E23: {=IF(NOT(ISBLANK($A23)), (_xlfn.XLOOKUP($A23,Index!$B$2:$B$103,Index!$D$2:$D$103,"Not Found")),"")} | F23: {=IF(NOT(ISBLANK($A23)), (_xlfn.XLOOKUP($A23,Index!$B$2:$B$103,Index!$E$2:$E$103,"Not Found")),"")} | G23: {=IF(NOT(ISBLANK(A23)), ((_xlfn.XLOOKUP(A23,Index!$B$2:$B$103,Index!$F$2:$F$103,"Not Found"))*B23),"")}
C24: {=IF(NOT(ISBLANK($A24)), (_xlfn.XLOOKUP($A24,Index!$B$2:$B$103,Index!$C$2:$C$103,"Not Found")),"")} | D24: {=IF(NOT(ISBLANK(A24)), (_xlfn.XLOOKUP($A24,Index!$B$2:B$103,Index!$A$2:$A$103,"Not Found")),"")} | E24: {=IF(NOT(ISBLANK($A24)), (_xlfn.XLOOKUP($A24,Index!$B$2:$B$103,Index!$D$2:$D$103,"Not Found")),"")} | F24: {=IF(NOT(ISBLANK($A24)), (_xlfn.XLOOKUP($A24,Index!$B$2:$B$103,Index!$E$2:$E$103,"Not Found")),"")} | G24: {=IF(NOT(ISBLANK(A24)), ((_xlfn.XLOOKUP(A24,Index!$B$2:$B$103,Index!$F$2:$F$103,"Not Found"))*B24),"")}
C25: {=IF(NOT(ISBLANK($A25)), (_xlfn.XLOOKUP($A25,Index!$B$2:$B$103,Index!$C$2:$C$103,"Not Found")),"")} | D25: {=IF(NOT(ISBLANK(A25)), (_xlfn.XLOOKUP($A25,Index!$B$2:B$103,Index!$A$2:$A$103,"Not Found")),"")} | E25: {=IF(NOT(ISBLANK($A25)), (_xlfn.XLOOKUP($A25,Index!$B$2:$B$103,Index!$D$2:$D$103,"Not Found")),"")} | F25: {=IF(NOT(ISBLANK($A25)), (_xlfn.XLOOKUP($A25,Index!$B$2:$B$103,Index!$E$2:$E$103,"Not Found")),"")} | G25: {=IF(NOT(ISBLANK(A25)), ((_xlfn.XLOOKUP(A25,Index!$B$2:$B$103,Index!$F$2:$F$103,"Not Found"))*B25),"")}
C26: {=IF(NOT(ISBLANK($A26)), (_xlfn.XLOOKUP($A26,Index!$B$2:$B$103,Index!$C$2:$C$103,"Not Found")),"")} | D26: {=IF(NOT(ISBLANK(A26)), (_xlfn.XLOOKUP($A26,Index!$B$2:B$103,Index!$A$2:$A$103,"Not Found")),"")} | E26: {=IF(NOT(ISBLANK($A26)), (_xlfn.XLOOKUP($A26,Index!$B$2:$B$103,Index!$D$2:$D$103,"Not Found")),"")} | F26: {=IF(NOT(ISBLANK($A26)), (_xlfn.XLOOKUP($A26,Index!$B$2:$B$103,Index!$E$2:$E$103,"Not Found")),"")} | G26: {=IF(NOT(ISBLANK(A26)), ((_xlfn.XLOOKUP(A26,Index!$B$2:$B$103,Index!$F$2:$F$103,"Not Found"))*B26),"")}
C27: {=IF(NOT(ISBLANK($A27)), (_xlfn.XLOOKUP($A27,Index!$B$2:$B$103,Index!$C$2:$C$103,"Not Found")),"")} | D27: {=IF(NOT(ISBLANK(A27)), (_xlfn.XLOOKUP($A27,Index!$B$2:B$103,Index!$A$2:$A$103,"Not Found")),"")} | E27: {=IF(NOT(ISBLANK($A27)), (_xlfn.XLOOKUP($A27,Index!$B$2:$B$103,Index!$D$2:$D$103,"Not Found")),"")} | F27: {=IF(NOT(ISBLANK($A27)), (_xlfn.XLOOKUP($A27,Index!$B$2:$B$103,Index!$E$2:$E$103,"Not Found")),"")} | G27: {=IF(NOT(ISBLANK(A27)), ((_xlfn.XLOOKUP(A27,Index!$B$2:$B$103,Index!$F$2:$F$103,"Not Found"))*B27),"")}
C28: {=IF(NOT(ISBLANK($A28)), (_xlfn.XLOOKUP($A28,Index!$B$2:$B$103,Index!$C$2:$C$103,"Not Found")),"")} | D28: {=IF(NOT(ISBLANK(A28)), (_xlfn.XLOOKUP($A28,Index!$B$2:B$103,Index!$A$2:$A$103,"Not Found")),"")} | E28: {=IF(NOT(ISBLANK($A28)), (_xlfn.XLOOKUP($A28,Index!$B$2:$B$103,Index!$D$2:$D$103,"Not Found")),"")} | F28: {=IF(NOT(ISBLANK($A28)), (_xlfn.XLOOKUP($A28,Index!$B$2:$B$103,Index!$E$2:$E$103,"Not Found")),"")} | G28: {=IF(NOT(ISBLANK(A28)), ((_xlfn.XLOOKUP(A28,Index!$B$2:$B$103,Index!$F$2:$F$103,"Not Found"))*B28),"")}
C29: {=IF(NOT(ISBLANK($A29)), (_xlfn.XLOOKUP($A29,Index!$B$2:$B$103,Index!$C$2:$C$103,"Not Found")),"")} | D29: {=IF(NOT(ISBLANK(A29)), (_xlfn.XLOOKUP($A29,Index!$B$2:B$103,Index!$A$2:$A$103,"Not Found")),"")} | E29: {=IF(NOT(ISBLANK($A29)), (_xlfn.XLOOKUP($A29,Index!$B$2:$B$103,Index!$D$2:$D$103,"Not Found")),"")} | F29: {=IF(NOT(ISBLANK($A29)), (_xlfn.XLOOKUP($A29,Index!$B$2:$B$103,Index!$E$2:$E$103,"Not Found")),"")} | G29: {=IF(NOT(ISBLANK(A29)), ((_xlfn.XLOOKUP(A29,Index!$B$2:$B$103,Index!$F$2:$F$103,"Not Found"))*B29),"")}
C30: {=IF(NOT(ISBLANK($A30)), (_xlfn.XLOOKUP($A30,Index!$B$2:$B$103,Index!$C$2:$C$103,"Not Found")),"")} | D30: {=IF(NOT(ISBLANK(A30)), (_xlfn.XLOOKUP($A30,Index!$B$2:B$103,Index!$A$2:$A$103,"Not Found")),"")} | E30: {=IF(NOT(ISBLANK($A30)), (_xlfn.XLOOKUP($A30,Index!$B$2:$B$103,Index!$D$2:$D$103,"Not Found")),"")} | F30: {=IF(NOT(ISBLANK($A30)), (_xlfn.XLOOKUP($A30,Index!$B$2:$B$103,Index!$E$2:$E$103,"Not Found")),"")} | G30: {=IF(NOT(ISBLANK(A30)), ((_xlfn.XLOOKUP(A30,Index!$B$2:$B$103,Index!$F$2:$F$103,"Not Found"))*B30),"")}
C31: {=IF(NOT(ISBLANK($A31)), (_xlfn.XLOOKUP($A31,Index!$B$2:$B$103,Index!$C$2:$C$103,"Not Found")),"")} | D31: {=IF(NOT(ISBLANK(A31)), (_xlfn.XLOOKUP($A31,Index!$B$2:B$103,Index!$A$2:$A$103,"Not Found")),"")} | E31: {=IF(NOT(ISBLANK($A31)), (_xlfn.XLOOKUP($A31,Index!$B$2:$B$103,Index!$D$2:$D$103,"Not Found")),"")} | F31: {=IF(NOT(ISBLANK($A31)), (_xlfn.XLOOKUP($A31,Index!$B$2:$B$103,Index!$E$2:$E$103,"Not Found")),"")} | G31: {=IF(NOT(ISBLANK(A31)), ((_xlfn.XLOOKUP(A31,Index!$B$2:$B$103,Index!$F$2:$F$103,"Not Found"))*B31),"")}
C32: {=IF(NOT(ISBLANK($A32)), (_xlfn.XLOOKUP($A32,Index!$B$2:$B$103,Index!$C$2:$C$103,"Not Found")),"")} | D32: {=IF(NOT(ISBLANK(A32)), (_xlfn.XLOOKUP($A32,Index!$B$2:B$103,Index!$A$2:$A$103,"Not Found")),"")} | E32: {=IF(NOT(ISBLANK($A32)), (_xlfn.XLOOKUP($A32,Index!$B$2:$B$103,Index!$D$2:$D$103,"Not Found")),"")} | F32: {=IF(NOT(ISBLANK($A32)), (_xlfn.XLOOKUP($A32,Index!$B$2:$B$103,Index!$E$2:$E$103,"Not Found")),"")} | G32: {=IF(NOT(ISBLANK(A32)), ((_xlfn.XLOOKUP(A32,Index!$B$2:$B$103,Index!$F$2:$F$103,"Not Found"))*B32),"")}
C33: {=IF(NOT(ISBLANK($A33)), (_xlfn.XLOOKUP($A33,Index!$B$2:$B$103,Index!$C$2:$C$103,"Not Found")),"")} | D33: {=IF(NOT(ISBLANK(A33)), (_xlfn.XLOOKUP($A33,Index!$B$2:B$103,Index!$A$2:$A$103,"Not Found")),"")} | E33: {=IF(NOT(ISBLANK($A33)), (_xlfn.XLOOKUP($A33,Index!$B$2:$B$103,Index!$D$2:$D$103,"Not Found")),"")} | F33: {=IF(NOT(ISBLANK($A33)), (_xlfn.XLOOKUP($A33,Index!$B$2:$B$103,Index!$E$2:$E$103,"Not Found")),"")} | G33: {=IF(NOT(ISBLANK(A33)), ((_xlfn.XLOOKUP(A33,Index!$B$2:$B$103,Index!$F$2:$F$103,"Not Found"))*B33),"")}
... C36: {=IF(NOT(ISBLANK($A36)), (_xlfn.XLOOKUP($A36,Index!$B$2:$B$103,Index!$C$2:$C$103,"Not Found")),"")} | D36: {=IF(NOT(ISBLANK(A36)), (_xlfn.XLOOKUP($A36,Index!$B$2:B$103,Index!$A$2:$A$103,"Not Found")),"")} | E36: {=IF(NOT(ISBLANK($A36)), (_xlfn.XLOOKUP($A36,Index!$B$2:$B$103,Index!$D$2:$D$103,"Not Found")),"")} | F36: {=IF(NOT(ISBLANK($A36)), (_xlfn.XLOOKUP($A36,Index!$B$2:$B$103,Index!$E$2:$E$103,"Not Found")),"")} | G36: {=IF(NOT(ISBLANK(A36)), ((_xlfn.XLOOKUP(A36,Index!$B$2:$B$103,Index!$F$2:$F$103,"Not Found"))*B36),"")}
C37: {=IF(NOT(ISBLANK($A37)), (_xlfn.XLOOKUP($A37,Index!$B$2:$B$103,Index!$C$2:$C$103,"Not Found")),"")} | D37: {=IF(NOT(ISBLANK(A37)), (_xlfn.XLOOKUP($A37,Index!$B$2:B$103,Index!$A$2:$A$103,"Not Found")),"")} | E37: {=IF(NOT(ISBLANK($A37)), (_xlfn.XLOOKUP($A37,Index!$B$2:$B$103,Index!$D$2:$D$103,"Not Found")),"")} | F37: {=IF(NOT(ISBLANK($A37)), (_xlfn.XLOOKUP($A37,Index!$B$2:$B$103,Index!$E$2:$E$103,"Not Found")),"")}
D38: {=IF(NOT(ISBLANK(A38)), (_xlfn.XLOOKUP(A38,Index!$B$2:B$103,Index!$A$2:$A$103,"Not Found")),"")} | E38: {=IF(NOT(ISBLANK($A38)), (_xlfn.XLOOKUP($A38,Index!$B$2:$B$103,Index!$D$2:$D$103,"Not Found")),"")}
D39: {=IF(NOT(ISBLANK(A39)), (_xlfn.XLOOKUP(A39,Index!$B$2:B$103,Index!$A$2:$A$103,"Not Found")),"")} | E39: {=IF(NOT(ISBLANK($A39)), (_xlfn.XLOOKUP($A39,Index!$B$2:$B$103,Index!$D$2:$D$103,"Not Found")),"")}
D40: {=IF(NOT(ISBLANK(A40)), (_xlfn.XLOOKUP(A40,Index!B$2:B$103,Index!A$2:A$103,"Not Found")),"")} | E40: {=IF(NOT(ISBLANK($A40)), (_xlfn.XLOOKUP($A40,Index!$B$2:$B$103,Index!$D$2:$D$103,"Not Found")),"")}
D41: {=IF(NOT(ISBLANK(A41)), (_xlfn.XLOOKUP(A41,Index!B$2:B$103,Index!A$2:A$103,"Not Found")),"")}

Sheet B1 T2-5
A1: Card | B1: Quantity | C1: Type | D1: ID | E1: Stage / Rarity | F1: Remaining Evo | G1: Feature Weight | I1: Card Total | K1: Type | L1: Num | M1: Basic | N1: S1 Max | O1: S1 Mid | P1: S2 | Q1: No Evolve
A2: Poliwag | B2: 4 | C2: {=IF(NOT(ISBLANK($A2)), (_xlfn.XLOOKUP($A2,Index!$B$2:$B$103,Index!$C$2:$C$103,"Not Found")),"")} -> W | D2: {=IF(NOT(ISBLANK(A2)), (_xlfn.XLOOKUP($A2,Index!$B$2:B$103,Index!$A$2:$A$103,"Not Found")),"")} -> base1-59 | E2: {=IF(NOT(ISBLANK($A2)), (_xlfn.XLOOKUP($A2,Index!$B$2:$B$103,Index!$D$2:$D$103,"Not Found")),"")} -> b | F2: {=IF(NOT(ISBLANK($A2)), (_xlfn.XLOOKUP($A2,Index!$B$2:$B$103,Index!$E$2:$E$103,"Not Found")),"")} -> y | G2: {=IF(NOT(ISBLANK(A2)), ((_xlfn.XLOOKUP(A2,Index!$B$2:$B$103,Index!$F$2:$F$103,"Not Found"))*B2),"")} -> 0 | I2: =SUM(B2:B38) -> 60 | K2: W | L2: =IF(NOT(ISBLANK(K2)), SUM(M2:P2), "") -> 11 | M2: =IF(NOT(ISBLANK($K2)), SUMIFS($B$2:$B$32, $E$2:$E$32, "B", $C$2:$C$32,$K2), "") -> 7 | N2: =IF(NOT(ISBLANK($K2)),SUMIFS($B$2:$B$32,$E$2:$E$32, "1", $C$2:$C$32,$K2,$F$2:$F$32,"N"), "") -> 1 | O2: =IF(NOT(ISBLANK($K2)),SUMIFS($B$2:$B$32,$E$2:$E$32, "1", $C$2:$C$32,$K2,$F$2:$F$32,"Y"), "") -> 2 | P2: =IF(NOT(ISBLANK($K2)),SUMIFS($B$2:$B$32,$E$2:$E$32, "2", $C$2:$C$32,$K2), "") -> 1 | Q2: =IF(NOT(ISBLANK($K2)),SUMIFS($B$2:$B$32,$E$2:$E$32, "B", $C$2:$C$32,$K2,$F$2:$F$32,"N"), "") -> 0
A3: Poliwhirl | B3: 2 | C3: {=IF(NOT(ISBLANK($A3)), (_xlfn.XLOOKUP($A3,Index!$B$2:$B$103,Index!$C$2:$C$103,"Not Found")),"")} -> W | D3: {=IF(NOT(ISBLANK(A3)), (_xlfn.XLOOKUP($A3,Index!$B$2:B$103,Index!$A$2:$A$103,"Not Found")),"")} -> base1-38 | E3: {=IF(NOT(ISBLANK($A3)), (_xlfn.XLOOKUP($A3,Index!$B$2:$B$103,Index!$D$2:$D$103,"Not Found")),"")} -> 1 | F3: {=IF(NOT(ISBLANK($A3)), (_xlfn.XLOOKUP($A3,Index!$B$2:$B$103,Index!$E$2:$E$103,"Not Found")),"")} -> y | G3: {=IF(NOT(ISBLANK(A3)), ((_xlfn.XLOOKUP(A3,Index!$B$2:$B$103,Index!$F$2:$F$103,"Not Found"))*B3),"")} -> 0 | K3: P | L3: =IF(NOT(ISBLANK(K3)), SUM(M3:P3), "") -> 7 | M3: =IF(NOT(ISBLANK($K3)), SUMIFS($B$2:$B$32, $E$2:$E$32, "B", $C$2:$C$32,$K3), "") -> 6 | N3: =IF(NOT(ISBLANK($K3)),SUMIFS($B$2:$B$32,$E$2:$E$32, "1", $C$2:$C$32,$K3,$F$2:$F$32,"N"), "") -> 0 | O3: =IF(NOT(ISBLANK($K3)),SUMIFS($B$2:$B$32,$E$2:$E$32, "1", $C$2:$C$32,$K3,$F$2:$F$32,"Y"), "") -> 1 | P3: =IF(NOT(ISBLANK($K3)),SUMIFS($B$2:$B$32,$E$2:$E$32, "2", $C$2:$C$32,$K3), "") -> 0 | Q3: =IF(NOT(ISBLANK($K3)),SUMIFS($B$2:$B$32,$E$2:$E$32, "B", $C$2:$C$32,$K3,$F$2:$F$32,"N"), "") -> 2
A4: Poliwrath | B4: 1 | C4: {=IF(NOT(ISBLANK($A4)), (_xlfn.XLOOKUP($A4,Index!$B$2:$B$103,Index!$C$2:$C$103,"Not Found")),"")} -> W | D4: {=IF(NOT(ISBLANK(A4)), (_xlfn.XLOOKUP($A4,Index!$B$2:B$103,Index!$A$2:$A$103,"Not Found")),"")} -> base1-13 | E4: {=IF(NOT(ISBLANK($A4)), (_xlfn.XLOOKUP($A4,Index!$B$2:$B$103,Index!$D$2:$D$103,"Not Found")),"")} -> 2 | F4: {=IF(NOT(ISBLANK($A4)), (_xlfn.XLOOKUP($A4,Index!$B$2:$B$103,Index!$E$2:$E$103,"Not Found")),"")} | G4: {=IF(NOT(ISBLANK(A4)), ((_xlfn.XLOOKUP(A4,Index!$B$2:$B$103,Index!$F$2:$F$103,"Not Found"))*B4),"")} -> 3 | K4: C | L4: =IF(NOT(ISBLANK(K4)), SUM(M4:P4), "") -> 3 | M4: =IF(NOT(ISBLANK($K4)), SUMIFS($B$2:$B$32, $E$2:$E$32, "B", $C$2:$C$32,$K4), "") -> 3 | N4: =IF(NOT(ISBLANK($K4)),SUMIFS($B$2:$B$32,$E$2:$E$32, "1", $C$2:$C$32,$K4,$F$2:$F$32,"N"), "") -> 0 | O4: =IF(NOT(ISBLANK($K4)),SUMIFS($B$2:$B$32,$E$2:$E$32, "1", $C$2:$C$32,$K4,$F$2:$F$32,"Y"), "") -> 0 | P4: =IF(NOT(ISBLANK($K4)),SUMIFS($B$2:$B$32,$E$2:$E$32, "2", $C$2:$C$32,$K4), "") -> 0 | Q4: =IF(NOT(ISBLANK($K4)),SUMIFS($B$2:$B$32,$E$2:$E$32, "B", $C$2:$C$32,$K4,$F$2:$F$32,"N"), "") -> 3
A5: Seel | B5: 3 | C5: {=IF(NOT(ISBLANK($A5)), (_xlfn.XLOOKUP($A5,Index!$B$2:$B$103,Index!$C$2:$C$103,"Not Found")),"")} -> W | D5: {=IF(NOT(ISBLANK(A5)), (_xlfn.XLOOKUP($A5,Index!$B$2:B$103,Index!$A$2:$A$103,"Not Found")),"")} -> base1-41 | E5: {=IF(NOT(ISBLANK($A5)), (_xlfn.XLOOKUP($A5,Index!$B$2:$B$103,Index!$D$2:$D$103,"Not Found")),"")} -> b | F5: {=IF(NOT(ISBLANK($A5)), (_xlfn.XLOOKUP($A5,Index!$B$2:$B$103,Index!$E$2:$E$103,"Not Found")),"")} -> y | G5: {=IF(NOT(ISBLANK(A5)), ((_xlfn.XLOOKUP(A5,Index!$B$2:$B$103,Index!$F$2:$F$103,"Not Found"))*B5),"")} -> 0 | L5: =IF(NOT(ISBLANK(K5)), SUM(M5:P5), "") | M5: =IF(NOT(ISBLANK($K5)), SUMIFS($B$2:$B$32, $E$2:$E$32, "B", $C$2:$C$32,$K5), "") | N5: =IF(NOT(ISBLANK($K5)),SUMIFS($B$2:$B$32,$E$2:$E$32, "1", $C$2:$C$32,$K5,$F$2:$F$32,"N"), "") | O5: =IF(NOT(ISBLANK($K5)),SUMIFS($B$2:$B$32,$E$2:$E$32, "1", $C$2:$C$32,$K5,$F$2:$F$32,"Y"), "") | P5: =IF(NOT(ISBLANK($K5)),SUMIFS($B$2:$B$32,$E$2:$E$32, "2", $C$2:$C$32,$K5), "") | Q5: =IF(NOT(ISBLANK($K5)),SUMIFS($B$2:$B$32,$E$2:$E$32, "B", $C$2:$C$32,$K5,$F$2:$F$32,"N"), "")
A6: Dewgong | B6: 1 | C6: {=IF(NOT(ISBLANK($A6)), (_xlfn.XLOOKUP($A6,Index!$B$2:$B$103,Index!$C$2:$C$103,"Not Found")),"")} -> W | D6: {=IF(NOT(ISBLANK(A6)), (_xlfn.XLOOKUP($A6,Index!$B$2:B$103,Index!$A$2:$A$103,"Not Found")),"")} -> base1-25 | E6: {=IF(NOT(ISBLANK($A6)), (_xlfn.XLOOKUP($A6,Index!$B$2:$B$103,Index!$D$2:$D$103,"Not Found")),"")} -> 1 | F6: {=IF(NOT(ISBLANK($A6)), (_xlfn.XLOOKUP($A6,Index!$B$2:$B$103,Index!$E$2:$E$103,"Not Found")),"")} -> n | G6: {=IF(NOT(ISBLANK(A6)), ((_xlfn.XLOOKUP(A6,Index!$B$2:$B$103,Index!$F$2:$F$103,"Not Found"))*B6),"")} -> 2 | L6: =IF(NOT(ISBLANK(K6)), SUM(M6:P6), "") | M6: =IF(NOT(ISBLANK($K6)), COUNTIFS($E$2:$E$32, "B", $C$2:$C$32,$K6), "") | N6: =IF(NOT(ISBLANK(K6)),COUNTIFS($E$2:$E$32, "1", $C$2:$C$32,$K6,$F$2:$F$32,"N"), "") | O6: =IF(NOT(ISBLANK($K6)),COUNTIFS($E$2:$E$32, "1", $C$2:$C$32,$K6,$F$2:$F$32,"Y"), "") | P6: =IF(NOT(ISBLANK($K6)),COUNTIFS($E$2:$E$32, "2", $C$2:$C$32,$K6), "") | Q6: =IF(NOT(ISBLANK($K6)),COUNTIFS($E$2:$E$32, "B", $C$2:$C$32,$K6,$F$2:$F$32,"N"), "")
A7: Porygon | B7: 1 | C7: {=IF(NOT(ISBLANK($A7)), (_xlfn.XLOOKUP($A7,Index!$B$2:$B$103,Index!$C$2:$C$103,"Not Found")),"")} -> C | D7: {=IF(NOT(ISBLANK(A7)), (_xlfn.XLOOKUP($A7,Index!$B$2:B$103,Index!$A$2:$A$103,"Not Found")),"")} -> base1-39 | E7: {=IF(NOT(ISBLANK($A7)), (_xlfn.XLOOKUP($A7,Index!$B$2:$B$103,Index!$D$2:$D$103,"Not Found")),"")} -> b | F7: {=IF(NOT(ISBLANK($A7)), (_xlfn.XLOOKUP($A7,Index!$B$2:$B$103,Index!$E$2:$E$103,"Not Found")),"")} -> n | G7: {=IF(NOT(ISBLANK(A7)), ((_xlfn.XLOOKUP(A7,Index!$B$2:$B$103,Index!$F$2:$F$103,"Not Found"))*B7),"")} -> 0 | K7: Total | L7: =SUM(L2:L6) -> 21 | M7: =SUM(M2:M6) -> 16 | N7: =SUM(N2:N6) -> 1 | O7: =SUM(O2:O6) -> 3 | P7: =SUM(P2:P6) -> 1 | Q7: =SUM(Q2:Q6) -> 5
A8: Abra | B8: 2 | C8: {=IF(NOT(ISBLANK($A8)), (_xlfn.XLOOKUP($A8,Index!$B$2:$B$103,Index!$C$2:$C$103,"Not Found")),"")} -> P | D8: {=IF(NOT(ISBLANK(A8)), (_xlfn.XLOOKUP($A8,Index!$B$2:B$103,Index!$A$2:$A$103,"Not Found")),"")} -> base1-43 | E8: {=IF(NOT(ISBLANK($A8)), (_xlfn.XLOOKUP($A8,Index!$B$2:$B$103,Index!$D$2:$D$103,"Not Found")),"")} -> b | F8: {=IF(NOT(ISBLANK($A8)), (_xlfn.XLOOKUP($A8,Index!$B$2:$B$103,Index!$E$2:$E$103,"Not Found")),"")} -> y | G8: {=IF(NOT(ISBLANK(A8)), ((_xlfn.XLOOKUP(A8,Index!$B$2:$B$103,Index!$F$2:$F$103,"Not Found"))*B8),"")} -> 0
A9: Kadabra | B9: 1 | C9: {=IF(NOT(ISBLANK($A9)), (_xlfn.XLOOKUP($A9,Index!$B$2:$B$103,Index!$C$2:$C$103,"Not Found")),"")} -> P | D9: {=IF(NOT(ISBLANK(A9)), (_xlfn.XLOOKUP($A9,Index!$B$2:B$103,Index!$A$2:$A$103,"Not Found")),"")} -> base1-32 | E9: {=IF(NOT(ISBLANK($A9)), (_xlfn.XLOOKUP($A9,Index!$B$2:$B$103,Index!$D$2:$D$103,"Not Found")),"")} -> 1 | F9: {=IF(NOT(ISBLANK($A9)), (_xlfn.XLOOKUP($A9,Index!$B$2:$B$103,Index!$E$2:$E$103,"Not Found")),"")} -> y | G9: {=IF(NOT(ISBLANK(A9)), ((_xlfn.XLOOKUP(A9,Index!$B$2:$B$103,Index!$F$2:$F$103,"Not Found"))*B9),"")} -> 0 | M9: Common | N9: Uncommon | O9: Rare
A10: Drowzee | B10: 2 | C10: {=IF(NOT(ISBLANK($A10)), (_xlfn.XLOOKUP($A10,Index!$B$2:$B$103,Index!$C$2:$C$103,"Not Found")),"")} -> P | D10: {=IF(NOT(ISBLANK(A10)), (_xlfn.XLOOKUP($A10,Index!$B$2:B$103,Index!$A$2:$A$103,"Not Found")),"")} -> base1-49 | E10: {=IF(NOT(ISBLANK($A10)), (_xlfn.XLOOKUP($A10,Index!$B$2:$B$103,Index!$D$2:$D$103,"Not Found")),"")} -> b | F10: {=IF(NOT(ISBLANK($A10)), (_xlfn.XLOOKUP($A10,Index!$B$2:$B$103,Index!$E$2:$E$103,"Not Found")),"")} -> y | G10: {=IF(NOT(ISBLANK(A10)), ((_xlfn.XLOOKUP(A10,Index!$B$2:$B$103,Index!$F$2:$F$103,"Not Found"))*B10),"")} -> 0 | K10: Trainer | L10: =SUM(M10:P10) -> 11 | M10: =IF(NOT(ISBLANK($K10)), SUMIFS($B$2:$B$32,$E$2:$E$32, "C", $C$2:$C$32,"T"), "") -> 7 | N10: =IF(NOT(ISBLANK($K10)), SUMIFS($B$2:$B$32,$E$2:$E$32, "U", $C$2:$C$32,"T"), "") -> 3 | O10: =IF(NOT(ISBLANK($K$2)), SUMIFS($B$2:$B$32,$E$2:$E$32, "R", $C$2:$C$32,"T"), "") -> 1
A11: Jynx | B11: 1 | C11: {=IF(NOT(ISBLANK($A11)), (_xlfn.XLOOKUP($A11,Index!$B$2:$B$103,Index!$C$2:$C$103,"Not Found")),"")} -> P | D11: {=IF(NOT(ISBLANK(A11)), (_xlfn.XLOOKUP($A11,Index!$B$2:B$103,Index!$A$2:$A$103,"Not Found")),"")} -> base1-31 | E11: {=IF(NOT(ISBLANK($A11)), (_xlfn.XLOOKUP($A11,Index!$B$2:$B$103,Index!$D$2:$D$103,"Not Found")),"")} -> b | F11: {=IF(NOT(ISBLANK($A11)), (_xlfn.XLOOKUP($A11,Index!$B$2:$B$103,Index!$E$2:$E$103,"Not Found")),"")} -> n | G11: {=IF(NOT(ISBLANK(A11)), ((_xlfn.XLOOKUP(A11,Index!$B$2:$B$103,Index!$F$2:$F$103,"Not Found"))*B11),"")} -> 1 | K11: Energy | L11: =IF(NOT(ISBLANK($K$2)), SUMIFS($B$2:$B$32, $C$2:$C$32,"Energy"), "") -> 28
A12: Mewtwo | B12: 1 | C12: {=IF(NOT(ISBLANK($A12)), (_xlfn.XLOOKUP($A12,Index!$B$2:$B$103,Index!$C$2:$C$103,"Not Found")),"")} -> P | D12: {=IF(NOT(ISBLANK(A12)), (_xlfn.XLOOKUP($A12,Index!$B$2:B$103,Index!$A$2:$A$103,"Not Found")),"")} -> base1-10 | E12: {=IF(NOT(ISBLANK($A12)), (_xlfn.XLOOKUP($A12,Index!$B$2:$B$103,Index!$D$2:$D$103,"Not Found")),"")} -> b | F12: {=IF(NOT(ISBLANK($A12)), (_xlfn.XLOOKUP($A12,Index!$B$2:$B$103,Index!$E$2:$E$103,"Not Found")),"")} -> n | G12: {=IF(NOT(ISBLANK(A12)), ((_xlfn.XLOOKUP(A12,Index!$B$2:$B$103,Index!$F$2:$F$103,"Not Found"))*B12),"")} -> 1 | K12: Pokemon | L12: =L7 -> 21
A13: Farfetch'd | B13: 2 | C13: {=IF(NOT(ISBLANK($A13)), (_xlfn.XLOOKUP($A13,Index!$B$2:$B$103,Index!$C$2:$C$103,"Not Found")),"")} -> C | D13: {=IF(NOT(ISBLANK(A13)), (_xlfn.XLOOKUP($A13,Index!$B$2:B$103,Index!$A$2:$A$103,"Not Found")),"")} -> base1-27 | E13: {=IF(NOT(ISBLANK($A13)), (_xlfn.XLOOKUP($A13,Index!$B$2:$B$103,Index!$D$2:$D$103,"Not Found")),"")} -> b | F13: {=IF(NOT(ISBLANK($A13)), (_xlfn.XLOOKUP($A13,Index!$B$2:$B$103,Index!$E$2:$E$103,"Not Found")),"")} -> n | G13: {=IF(NOT(ISBLANK(A13)), ((_xlfn.XLOOKUP(A13,Index!$B$2:$B$103,Index!$F$2:$F$103,"Not Found"))*B13),"")} -> 0
A14: Water Energy | B14: 17 | C14: {=IF(NOT(ISBLANK($A14)), (_xlfn.XLOOKUP($A14,Index!$B$2:$B$103,Index!$C$2:$C$103,"Not Found")),"")} -> Energy | D14: {=IF(NOT(ISBLANK(A14)), (_xlfn.XLOOKUP($A14,Index!$B$2:B$103,Index!$A$2:$A$103,"Not Found")),"")} -> base1-102 | E14: {=IF(NOT(ISBLANK($A14)), (_xlfn.XLOOKUP($A14,Index!$B$2:$B$103,Index!$D$2:$D$103,"Not Found")),"")} | F14: {=IF(NOT(ISBLANK($A14)), (_xlfn.XLOOKUP($A14,Index!$B$2:$B$103,Index!$E$2:$E$103,"Not Found")),"")} | G14: {=IF(NOT(ISBLANK(A14)), ((_xlfn.XLOOKUP(A14,Index!$B$2:$B$103,Index!$F$2:$F$103,"Not Found"))*B14),"")} -> 0
A15: Psychic Energy | B15: 11 | C15: {=IF(NOT(ISBLANK($A15)), (_xlfn.XLOOKUP($A15,Index!$B$2:$B$103,Index!$C$2:$C$103,"Not Found")),"")} -> Energy | D15: {=IF(NOT(ISBLANK(A15)), (_xlfn.XLOOKUP($A15,Index!$B$2:B$103,Index!$A$2:$A$103,"Not Found")),"")} -> base1-101 | E15: {=IF(NOT(ISBLANK($A15)), (_xlfn.XLOOKUP($A15,Index!$B$2:$B$103,Index!$D$2:$D$103,"Not Found")),"")} | F15: {=IF(NOT(ISBLANK($A15)), (_xlfn.XLOOKUP($A15,Index!$B$2:$B$103,Index!$E$2:$E$103,"Not Found")),"")} | G15: {=IF(NOT(ISBLANK(A15)), ((_xlfn.XLOOKUP(A15,Index!$B$2:$B$103,Index!$F$2:$F$103,"Not Found"))*B15),"")} -> 0 | K15: Feature Weight:
A16: Item Finder | B16: 1 | C16: {=IF(NOT(ISBLANK($A16)), (_xlfn.XLOOKUP($A16,Index!$B$2:$B$103,Index!$C$2:$C$103,"Not Found")),"")} -> T | D16: {=IF(NOT(ISBLANK(A16)), (_xlfn.XLOOKUP($A16,Index!$B$2:B$103,Index!$A$2:$A$103,"Not Found")),"")} -> base1-74 | E16: {=IF(NOT(ISBLANK($A16)), (_xlfn.XLOOKUP($A16,Index!$B$2:$B$103,Index!$D$2:$D$103,"Not Found")),"")} -> r | F16: {=IF(NOT(ISBLANK($A16)), (_xlfn.XLOOKUP($A16,Index!$B$2:$B$103,Index!$E$2:$E$103,"Not Found")),"")} | G16: {=IF(NOT(ISBLANK(A16)), ((_xlfn.XLOOKUP(A16,Index!$B$2:$B$103,Index!$F$2:$F$103,"Not Found"))*B16),"")} -> 0 | K16: =K2 -> W | L16: =IF(NOT(ISBLANK($K2)), SUMIFS($G$2:$G$32, $C$2:$C$32,$K2), "") -> 5
A17: Professor Oak | B17: 1 | C17: {=IF(NOT(ISBLANK($A17)), (_xlfn.XLOOKUP($A17,Index!$B$2:$B$103,Index!$C$2:$C$103,"Not Found")),"")} -> T | D17: {=IF(NOT(ISBLANK(A17)), (_xlfn.XLOOKUP($A17,Index!$B$2:B$103,Index!$A$2:$A$103,"Not Found")),"")} -> base1-88 | E17: {=IF(NOT(ISBLANK($A17)), (_xlfn.XLOOKUP($A17,Index!$B$2:$B$103,Index!$D$2:$D$103,"Not Found")),"")} -> u | F17: {=IF(NOT(ISBLANK($A17)), (_xlfn.XLOOKUP($A17,Index!$B$2:$B$103,Index!$E$2:$E$103,"Not Found")),"")} | G17: {=IF(NOT(ISBLANK(A17)), ((_xlfn.XLOOKUP(A17,Index!$B$2:$B$103,Index!$F$2:$F$103,"Not Found"))*B17),"")} -> 0 | K17: =K3 -> P | L17: =IF(NOT(ISBLANK($K3)), SUMIFS($G$2:$G$32, $C$2:$C$32,$K3), "") -> 2
A18: Bill | B18: 2 | C18: {=IF(NOT(ISBLANK($A18)), (_xlfn.XLOOKUP($A18,Index!$B$2:$B$103,Index!$C$2:$C$103,"Not Found")),"")} -> T | D18: {=IF(NOT(ISBLANK(A18)), (_xlfn.XLOOKUP($A18,Index!$B$2:B$103,Index!$A$2:$A$103,"Not Found")),"")} -> base1-91 | E18: {=IF(NOT(ISBLANK($A18)), (_xlfn.XLOOKUP($A18,Index!$B$2:$B$103,Index!$D$2:$D$103,"Not Found")),"")} -> c | F18: {=IF(NOT(ISBLANK($A18)), (_xlfn.XLOOKUP($A18,Index!$B$2:$B$103,Index!$E$2:$E$103,"Not Found")),"")} | G18: {=IF(NOT(ISBLANK(A18)), ((_xlfn.XLOOKUP(A18,Index!$B$2:$B$103,Index!$F$2:$F$103,"Not Found"))*B18),"")} -> 0 | K18: =K4 -> C | L18: =IF(NOT(ISBLANK($K4)), SUMIFS($G$2:$G$32, $C$2:$C$32,$K4), "") -> 0
A19: Potion | B19: 2 | C19: {=IF(NOT(ISBLANK($A19)), (_xlfn.XLOOKUP($A19,Index!$B$2:$B$103,Index!$C$2:$C$103,"Not Found")),"")} -> T | D19: {=IF(NOT(ISBLANK(A19)), (_xlfn.XLOOKUP($A19,Index!$B$2:B$103,Index!$A$2:$A$103,"Not Found")),"")} -> base1-94 | E19: {=IF(NOT(ISBLANK($A19)), (_xlfn.XLOOKUP($A19,Index!$B$2:$B$103,Index!$D$2:$D$103,"Not Found")),"")} -> c | F19: {=IF(NOT(ISBLANK($A19)), (_xlfn.XLOOKUP($A19,Index!$B$2:$B$103,Index!$E$2:$E$103,"Not Found")),"")} | G19: {=IF(NOT(ISBLANK(A19)), ((_xlfn.XLOOKUP(A19,Index!$B$2:$B$103,Index!$F$2:$F$103,"Not Found"))*B19),"")} -> 0 | K19: =K5 | L19: =IF(NOT(ISBLANK($K5)), SUMIFS($G$2:$G$32, $C$2:$C$32,$K5), "")
A20: Switch | B20: 2 | C20: {=IF(NOT(ISBLANK($A20)), (_xlfn.XLOOKUP($A20,Index!$B$2:$B$103,Index!$C$2:$C$103,"Not Found")),"")} -> T | D20: {=IF(NOT(ISBLANK(A20)), (_xlfn.XLOOKUP($A20,Index!$B$2:B$103,Index!$A$2:$A$103,"Not Found")),"")} -> base1-95 | E20: {=IF(NOT(ISBLANK($A20)), (_xlfn.XLOOKUP($A20,Index!$B$2:$B$103,Index!$D$2:$D$103,"Not Found")),"")} -> c | F20: {=IF(NOT(ISBLANK($A20)), (_xlfn.XLOOKUP($A20,Index!$B$2:$B$103,Index!$E$2:$E$103,"Not Found")),"")} | G20: {=IF(NOT(ISBLANK(A20)), ((_xlfn.XLOOKUP(A20,Index!$B$2:$B$103,Index!$F$2:$F$103,"Not Found"))*B20),"")} -> 0 | K20: =K6
A21: Pokedex | B21: 1 | C21: {=IF(NOT(ISBLANK($A21)), (_xlfn.XLOOKUP($A21,Index!$B$2:$B$103,Index!$C$2:$C$103,"Not Found")),"")} -> T | D21: {=IF(NOT(ISBLANK(A21)), (_xlfn.XLOOKUP($A21,Index!$B$2:B$103,Index!$A$2:$A$103,"Not Found")),"")} -> base1-87 | E21: {=IF(NOT(ISBLANK($A21)), (_xlfn.XLOOKUP($A21,Index!$B$2:$B$103,Index!$D$2:$D$103,"Not Found")),"")} -> u | F21: {=IF(NOT(ISBLANK($A21)), (_xlfn.XLOOKUP($A21,Index!$B$2:$B$103,Index!$E$2:$E$103,"Not Found")),"")} | G21: {=IF(NOT(ISBLANK(A21)), ((_xlfn.XLOOKUP(A21,Index!$B$2:$B$103,Index!$F$2:$F$103,"Not Found"))*B21),"")} -> 0 | K21: Total: | L21: =SUM(G2:G46) -> 7
A22: Energy Removal | B22: 1 | C22: {=IF(NOT(ISBLANK($A22)), (_xlfn.XLOOKUP($A22,Index!$B$2:$B$103,Index!$C$2:$C$103,"Not Found")),"")} -> T | D22: {=IF(NOT(ISBLANK(A22)), (_xlfn.XLOOKUP($A22,Index!$B$2:B$103,Index!$A$2:$A$103,"Not Found")),"")} -> base1-92 | E22: {=IF(NOT(ISBLANK($A22)), (_xlfn.XLOOKUP($A22,Index!$B$2:$B$103,Index!$D$2:$D$103,"Not Found")),"")} -> c | F22: {=IF(NOT(ISBLANK($A22)), (_xlfn.XLOOKUP($A22,Index!$B$2:$B$103,Index!$E$2:$E$103,"Not Found")),"")} | G22: {=IF(NOT(ISBLANK(A22)), ((_xlfn.XLOOKUP(A22,Index!$B$2:$B$103,Index!$F$2:$F$103,"Not Found"))*B22),"")} -> 0
A23: Full Heal | B23: 1 | C23: {=IF(NOT(ISBLANK($A23)), (_xlfn.XLOOKUP($A23,Index!$B$2:$B$103,Index!$C$2:$C$103,"Not Found")),"")} -> T | D23: {=IF(NOT(ISBLANK(A23)), (_xlfn.XLOOKUP($A23,Index!$B$2:B$103,Index!$A$2:$A$103,"Not Found")),"")} -> base1-82 | E23: {=IF(NOT(ISBLANK($A23)), (_xlfn.XLOOKUP($A23,Index!$B$2:$B$103,Index!$D$2:$D$103,"Not Found")),"")} -> u | F23: {=IF(NOT(ISBLANK($A23)), (_xlfn.XLOOKUP($A23,Index!$B$2:$B$103,Index!$E$2:$E$103,"Not Found")),"")} | G23: {=IF(NOT(ISBLANK(A23)), ((_xlfn.XLOOKUP(A23,Index!$B$2:$B$103,Index!$F$2:$F$103,"Not Found"))*B23),"")} -> 0
C24: {=IF(NOT(ISBLANK($A24)), (_xlfn.XLOOKUP($A24,Index!$B$2:$B$103,Index!$C$2:$C$103,"Not Found")),"")} | D24: {=IF(NOT(ISBLANK(A24)), (_xlfn.XLOOKUP($A24,Index!$B$2:B$103,Index!$A$2:$A$103,"Not Found")),"")} | E24: {=IF(NOT(ISBLANK($A24)), (_xlfn.XLOOKUP($A24,Index!$B$2:$B$103,Index!$D$2:$D$103,"Not Found")),"")} | F24: {=IF(NOT(ISBLANK($A24)), (_xlfn.XLOOKUP($A24,Index!$B$2:$B$103,Index!$E$2:$E$103,"Not Found")),"")} | G24: {=IF(NOT(ISBLANK(A24)), ((_xlfn.XLOOKUP(A24,Index!$B$2:$B$103,Index!$F$2:$F$103,"Not Found"))*B24),"")}
C25: {=IF(NOT(ISBLANK($A25)), (_xlfn.XLOOKUP($A25,Index!$B$2:$B$103,Index!$C$2:$C$103,"Not Found")),"")} | D25: {=IF(NOT(ISBLANK(A25)), (_xlfn.XLOOKUP($A25,Index!$B$2:B$103,Index!$A$2:$A$103,"Not Found")),"")} | E25: {=IF(NOT(ISBLANK($A25)), (_xlfn.XLOOKUP($A25,Index!$B$2:$B$103,Index!$D$2:$D$103,"Not Found")),"")} | F25: {=IF(NOT(ISBLANK($A25)), (_xlfn.XLOOKUP($A25,Index!$B$2:$B$103,Index!$E$2:$E$103,"Not Found")),"")} | G25: {=IF(NOT(ISBLANK(A25)), ((_xlfn.XLOOKUP(A25,Index!$B$2:$B$103,Index!$F$2:$F$103,"Not Found"))*B25),"")}
C26: {=IF(NOT(ISBLANK($A26)), (_xlfn.XLOOKUP($A26,Index!$B$2:$B$103,Index!$C$2:$C$103,"Not Found")),"")} | D26: {=IF(NOT(ISBLANK(A26)), (_xlfn.XLOOKUP($A26,Index!$B$2:B$103,Index!$A$2:$A$103,"Not Found")),"")} | E26: {=IF(NOT(ISBLANK($A26)), (_xlfn.XLOOKUP($A26,Index!$B$2:$B$103,Index!$D$2:$D$103,"Not Found")),"")} | F26: {=IF(NOT(ISBLANK($A26)), (_xlfn.XLOOKUP($A26,Index!$B$2:$B$103,Index!$E$2:$E$103,"Not Found")),"")} | G26: {=IF(NOT(ISBLANK(A26)), ((_xlfn.XLOOKUP(A26,Index!$B$2:$B$103,Index!$F$2:$F$103,"Not Found"))*B26),"")}
C27: {=IF(NOT(ISBLANK($A27)), (_xlfn.XLOOKUP($A27,Index!$B$2:$B$103,Index!$C$2:$C$103,"Not Found")),"")} | D27: {=IF(NOT(ISBLANK(A27)), (_xlfn.XLOOKUP($A27,Index!$B$2:B$103,Index!$A$2:$A$103,"Not Found")),"")} | E27: {=IF(NOT(ISBLANK($A27)), (_xlfn.XLOOKUP($A27,Index!$B$2:$B$103,Index!$D$2:$D$103,"Not Found")),"")} | F27: {=IF(NOT(ISBLANK($A27)), (_xlfn.XLOOKUP($A27,Index!$B$2:$B$103,Index!$E$2:$E$103,"Not Found")),"")} | G27: {=IF(NOT(ISBLANK(A27)), ((_xlfn.XLOOKUP(A27,Index!$B$2:$B$103,Index!$F$2:$F$103,"Not Found"))*B27),"")}
C28: {=IF(NOT(ISBLANK($A28)), (_xlfn.XLOOKUP($A28,Index!$B$2:$B$103,Index!$C$2:$C$103,"Not Found")),"")} | D28: {=IF(NOT(ISBLANK(A28)), (_xlfn.XLOOKUP($A28,Index!$B$2:B$103,Index!$A$2:$A$103,"Not Found")),"")} | E28: {=IF(NOT(ISBLANK($A28)), (_xlfn.XLOOKUP($A28,Index!$B$2:$B$103,Index!$D$2:$D$103,"Not Found")),"")} | F28: {=IF(NOT(ISBLANK($A28)), (_xlfn.XLOOKUP($A28,Index!$B$2:$B$103,Index!$E$2:$E$103,"Not Found")),"")} | G28: {=IF(NOT(ISBLANK(A28)), ((_xlfn.XLOOKUP(A28,Index!$B$2:$B$103,Index!$F$2:$F$103,"Not Found"))*B28),"")}
C29: {=IF(NOT(ISBLANK($A29)), (_xlfn.XLOOKUP($A29,Index!$B$2:$B$103,Index!$C$2:$C$103,"Not Found")),"")} | D29: {=IF(NOT(ISBLANK(A29)), (_xlfn.XLOOKUP($A29,Index!$B$2:B$103,Index!$A$2:$A$103,"Not Found")),"")} | E29: {=IF(NOT(ISBLANK($A29)), (_xlfn.XLOOKUP($A29,Index!$B$2:$B$103,Index!$D$2:$D$103,"Not Found")),"")} | F29: {=IF(NOT(ISBLANK($A29)), (_xlfn.XLOOKUP($A29,Index!$B$2:$B$103,Index!$E$2:$E$103,"Not Found")),"")} | G29: {=IF(NOT(ISBLANK(A29)), ((_xlfn.XLOOKUP(A29,Index!$B$2:$B$103,Index!$F$2:$F$103,"Not Found"))*B29),"")}
C30: {=IF(NOT(ISBLANK($A30)), (_xlfn.XLOOKUP($A30,Index!$B$2:$B$103,Index!$C$2:$C$103,"Not Found")),"")} | D30: {=IF(NOT(ISBLANK(A30)), (_xlfn.XLOOKUP($A30,Index!$B$2:B$103,Index!$A$2:$A$103,"Not Found")),"")} | E30: {=IF(NOT(ISBLANK($A30)), (_xlfn.XLOOKUP($A30,Index!$B$2:$B$103,Index!$D$2:$D$103,"Not Found")),"")} | F30: {=IF(NOT(ISBLANK($A30)), (_xlfn.XLOOKUP($A30,Index!$B$2:$B$103,Index!$E$2:$E$103,"Not Found")),"")} | G30: {=IF(NOT(ISBLANK(A30)), ((_xlfn.XLOOKUP(A30,Index!$B$2:$B$103,Index!$F$2:$F$103,"Not Found"))*B30),"")}
C31: {=IF(NOT(ISBLANK($A31)), (_xlfn.XLOOKUP($A31,Index!$B$2:$B$103,Index!$C$2:$C$103,"Not Found")),"")} | D31: {=IF(NOT(ISBLANK(A31)), (_xlfn.XLOOKUP($A31,Index!$B$2:B$103,Index!$A$2:$A$103,"Not Found")),"")} | E31: {=IF(NOT(ISBLANK($A31)), (_xlfn.XLOOKUP($A31,Index!$B$2:$B$103,Index!$D$2:$D$103,"Not Found")),"")} | F31: {=IF(NOT(ISBLANK($A31)), (_xlfn.XLOOKUP($A31,Index!$B$2:$B$103,Index!$E$2:$E$103,"Not Found")),"")} | G31: {=IF(NOT(ISBLANK(A31)), ((_xlfn.XLOOKUP(A31,Index!$B$2:$B$103,Index!$F$2:$F$103,"Not Found"))*B31),"")}
C32: {=IF(NOT(ISBLANK($A32)), (_xlfn.XLOOKUP($A32,Index!$B$2:$B$103,Index!$C$2:$C$103,"Not Found")),"")} | D32: {=IF(NOT(ISBLANK(A32)), (_xlfn.XLOOKUP($A32,Index!$B$2:B$103,Index!$A$2:$A$103,"Not Found")),"")} | E32: {=IF(NOT(ISBLANK($A32)), (_xlfn.XLOOKUP($A32,Index!$B$2:$B$103,Index!$D$2:$D$103,"Not Found")),"")} | F32: {=IF(NOT(ISBLANK($A32)), (_xlfn.XLOOKUP($A32,Index!$B$2:$B$103,Index!$E$2:$E$103,"Not Found")),"")} | G32: {=IF(NOT(ISBLANK(A32)), ((_xlfn.XLOOKUP(A32,Index!$B$2:$B$103,Index!$F$2:$F$103,"Not Found"))*B32),"")}
C33: {=IF(NOT(ISBLANK($A33)), (_xlfn.XLOOKUP($A33,Index!$B$2:$B$103,Index!$C$2:$C$103,"Not Found")),"")} | D33: {=IF(NOT(ISBLANK(A33)), (_xlfn.XLOOKUP($A33,Index!$B$2:B$103,Index!$A$2:$A$103,"Not Found")),"")} | E33: {=IF(NOT(ISBLANK($A33)), (_xlfn.XLOOKUP($A33,Index!$B$2:$B$103,Index!$D$2:$D$103,"Not Found")),"")} | F33: {=IF(NOT(ISBLANK($A33)), (_xlfn.XLOOKUP($A33,Index!$B$2:$B$103,Index!$E$2:$E$103,"Not Found")),"")} | G33: {=IF(NOT(ISBLANK(A33)), ((_xlfn.XLOOKUP(A33,Index!$B$2:$B$103,Index!$F$2:$F$103,"Not Found"))*B33),"")}
C34: {=IF(NOT(ISBLANK($A34)), (_xlfn.XLOOKUP($A34,Index!$B$2:$B$103,Index!$C$2:$C$103,"Not Found")),"")} | D34: {=IF(NOT(ISBLANK(A34)), (_xlfn.XLOOKUP($A34,Index!$B$2:B$103,Index!$A$2:$A$103,"Not Found")),"")} | E34: {=IF(NOT(ISBLANK($A34)), (_xlfn.XLOOKUP($A34,Index!$B$2:$B$103,Index!$D$2:$D$103,"Not Found")),"")} | F34: {=IF(NOT(ISBLANK($A34)), (_xlfn.XLOOKUP($A34,Index!$B$2:$B$103,Index!$E$2:$E$103,"Not Found")),"")} | G34: {=IF(NOT(ISBLANK(A34)), ((_xlfn.XLOOKUP(A34,Index!$B$2:$B$103,Index!$F$2:$F$103,"Not Found"))*B34),"")}
C35: {=IF(NOT(ISBLANK($A35)), (_xlfn.XLOOKUP($A35,Index!$B$2:$B$103,Index!$C$2:$C$103,"Not Found")),"")} | D35: {=IF(NOT(ISBLANK(A35)), (_xlfn.XLOOKUP($A35,Index!$B$2:B$103,Index!$A$2:$A$103,"Not Found")),"")} | E35: {=IF(NOT(ISBLANK($A35)), (_xlfn.XLOOKUP($A35,Index!$B$2:$B$103,Index!$D$2:$D$103,"Not Found")),"")} | F35: {=IF(NOT(ISBLANK($A35)), (_xlfn.XLOOKUP($A35,Index!$B$2:$B$103,Index!$E$2:$E$103,"Not Found")),"")} | G35: {=IF(NOT(ISBLANK(A35)), ((_xlfn.XLOOKUP(A35,Index!$B$2:$B$103,Index!$F$2:$F$103,"Not Found"))*B35),"")}
C36: {=IF(NOT(ISBLANK($A36)), (_xlfn.XLOOKUP($A36,Index!$B$2:$B$103,Index!$C$2:$C$103,"Not Found")),"")} | D36: {=IF(NOT(ISBLANK(A36)), (_xlfn.XLOOKUP($A36,Index!$B$2:B$103,Index!$A$2:$A$103,"Not Found")),"")} | E36: {=IF(NOT(ISBLANK($A36)), (_xlfn.XLOOKUP($A36,Index!$B$2:$B$103,Index!$D$2:$D$103,"Not Found")),"")} | F36: {=IF(NOT(ISBLANK($A36)), (_xlfn.XLOOKUP($A36,Index!$B$2:$B$103,Index!$E$2:$E$103,"Not Found")),"")} | G36: {=IF(NOT(ISBLANK(A36)), ((_xlfn.XLOOKUP(A36,Index!$B$2:$B$103,Index!$F$2:$F$103,"Not Found"))*B36),"")}
C37: {=IF(NOT(ISBLANK($A37)), (_xlfn.XLOOKUP($A37,Index!$B$2:$B$103,Index!$C$2:$C$103,"Not Found")),"")} | D37: {=IF(NOT(ISBLANK(A37)), (_xlfn.XLOOKUP($A37,Index!$B$2:B$103,Index!$A$2:$A$103,"Not Found")),"")} | E37: {=IF(NOT(ISBLANK($A37)), (_xlfn.XLOOKUP($A37,Index!$B$2:$B$103,Index!$D$2:$D$103,"Not Found")),"")} | F37: {=IF(NOT(ISBLANK($A37)), (_xlfn.XLOOKUP($A37,Index!$B$2:$B$103,Index!$E$2:$E$103,"Not Found")),"")}
D38: {=IF(NOT(ISBLANK(A38)), (_xlfn.XLOOKUP(A38,Index!$B$2:B$103,Index!$A$2:$A$103,"Not Found")),"")} | E38: {=IF(NOT(ISBLANK($A38)), (_xlfn.XLOOKUP($A38,Index!$B$2:$B$103,Index!$D$2:$D$103,"Not Found")),"")}
D39: {=IF(NOT(ISBLANK(A39)), (_xlfn.XLOOKUP(A39,Index!$B$2:B$103,Index!$A$2:$A$103,"Not Found")),"")} | E39: {=IF(NOT(ISBLANK($A39)), (_xlfn.XLOOKUP($A39,Index!$B$2:$B$103,Index!$D$2:$D$103,"Not Found")),"")}
D40: {=IF(NOT(ISBLANK(A40)), (_xlfn.XLOOKUP(A40,Index!B$2:B$103,Index!A$2:A$103,"Not Found")),"")} | E40: {=IF(NOT(ISBLANK($A40)), (_xlfn.XLOOKUP($A40,Index!$B$2:$B$103,Index!$D$2:$D$103,"Not Found")),"")}
D41: {=IF(NOT(ISBLANK(A41)), (_xlfn.XLOOKUP(A41,Index!B$2:B$103,Index!A$2:A$103,"Not Found")),"")}

Sheet B1 T3-1
A1: Card | B1: Quantity | C1: Type | D1: ID | E1: Stage / Rarity | F1: Remaining Evo | G1: Feature Weight | I1: Card Total | K1: Type | L1: Num | M1: Basic | N1: S1 Max | O1: S1 Mid | P1: S2 | Q1: No Evolve
A2: Bulbasaur | B2: 4 | C2: {=IF(NOT(ISBLANK($A2)), (_xlfn.XLOOKUP($A2,Index!$B$2:$B$103,Index!$C$2:$C$103,"Not Found")),"")} -> G | D2: {=IF(NOT(ISBLANK(A2)), (_xlfn.XLOOKUP($A2,Index!$B$2:B$103,Index!$A$2:$A$103,"Not Found")),"")} -> base1-44 | E2: {=IF(NOT(ISBLANK($A2)), (_xlfn.XLOOKUP($A2,Index!$B$2:$B$103,Index!$D$2:$D$103,"Not Found")),"")} -> b | F2: {=IF(NOT(ISBLANK($A2)), (_xlfn.XLOOKUP($A2,Index!$B$2:$B$103,Index!$E$2:$E$103,"Not Found")),"")} -> y | G2: {=IF(NOT(ISBLANK(A2)), ((_xlfn.XLOOKUP(A2,Index!$B$2:$B$103,Index!$F$2:$F$103,"Not Found"))*B2),"")} -> 0 | I2: =SUM(B2:B38) -> 60 | K2: G | L2: =IF(NOT(ISBLANK(K2)), SUM(M2:P2), "") -> 18 | M2: =IF(NOT(ISBLANK($K2)), SUMIFS($B$2:$B$32, $E$2:$E$32, "B", $C$2:$C$32,$K2), "") -> 7 | N2: =IF(NOT(ISBLANK($K2)),SUMIFS($B$2:$B$32,$E$2:$E$32, "1", $C$2:$C$32,$K2,$F$2:$F$32,"N"), "") -> 0 | O2: =IF(NOT(ISBLANK($K2)),SUMIFS($B$2:$B$32,$E$2:$E$32, "1", $C$2:$C$32,$K2,$F$2:$F$32,"Y"), "") -> 8 | P2: =IF(NOT(ISBLANK($K2)),SUMIFS($B$2:$B$32,$E$2:$E$32, "2", $C$2:$C$32,$K2), "") -> 3 | Q2: =IF(NOT(ISBLANK($K2)),SUMIFS($B$2:$B$32,$E$2:$E$32, "B", $C$2:$C$32,$K2,$F$2:$F$32,"N"), "") -> 1
A3: Ivysaur | B3: 3 | C3: {=IF(NOT(ISBLANK($A3)), (_xlfn.XLOOKUP($A3,Index!$B$2:$B$103,Index!$C$2:$C$103,"Not Found")),"")} -> G | D3: {=IF(NOT(ISBLANK(A3)), (_xlfn.XLOOKUP($A3,Index!$B$2:B$103,Index!$A$2:$A$103,"Not Found")),"")} -> base1-30 | E3: {=IF(NOT(ISBLANK($A3)), (_xlfn.XLOOKUP($A3,Index!$B$2:$B$103,Index!$D$2:$D$103,"Not Found")),"")} -> 1 | F3: {=IF(NOT(ISBLANK($A3)), (_xlfn.XLOOKUP($A3,Index!$B$2:$B$103,Index!$E$2:$E$103,"Not Found")),"")} -> y | G3: {=IF(NOT(ISBLANK(A3)), ((_xlfn.XLOOKUP(A3,Index!$B$2:$B$103,Index!$F$2:$F$103,"Not Found"))*B3),"")} -> 0 | K3: C | L3: =IF(NOT(ISBLANK(K3)), SUM(M3:P3), "") -> 4 | M3: =IF(NOT(ISBLANK($K3)), SUMIFS($B$2:$B$32, $E$2:$E$32, "B", $C$2:$C$32,$K3), "") -> 3 | N3: =IF(NOT(ISBLANK($K3)),SUMIFS($B$2:$B$32,$E$2:$E$32, "1", $C$2:$C$32,$K3,$F$2:$F$32,"N"), "") -> 0 | O3: =IF(NOT(ISBLANK($K3)),SUMIFS($B$2:$B$32,$E$2:$E$32, "1", $C$2:$C$32,$K3,$F$2:$F$32,"Y"), "") -> 1 | P3: =IF(NOT(ISBLANK($K3)),SUMIFS($B$2:$B$32,$E$2:$E$32, "2", $C$2:$C$32,$K3), "") -> 0 | Q3: =IF(NOT(ISBLANK($K3)),SUMIFS($B$2:$B$32,$E$2:$E$32, "B", $C$2:$C$32,$K3,$F$2:$F$32,"N"), "") -> 0
A4: Venusaur | B4: 2 | C4: {=IF(NOT(ISBLANK($A4)), (_xlfn.XLOOKUP($A4,Index!$B$2:$B$103,Index!$C$2:$C$103,"Not Found")),"")} -> G | D4: {=IF(NOT(ISBLANK(A4)), (_xlfn.XLOOKUP($A4,Index!$B$2:B$103,Index!$A$2:$A$103,"Not Found")),"")} -> base1-15 | E4: {=IF(NOT(ISBLANK($A4)), (_xlfn.XLOOKUP($A4,Index!$B$2:$B$103,Index!$D$2:$D$103,"Not Found")),"")} -> 2 | F4: {=IF(NOT(ISBLANK($A4)), (_xlfn.XLOOKUP($A4,Index!$B$2:$B$103,Index!$E$2:$E$103,"Not Found")),"")} | G4: {=IF(NOT(ISBLANK(A4)), ((_xlfn.XLOOKUP(A4,Index!$B$2:$B$103,Index!$F$2:$F$103,"Not Found"))*B4),"")} -> 6 | L4: =IF(NOT(ISBLANK(K4)), SUM(M4:P4), "") | M4: =IF(NOT(ISBLANK($K4)), SUMIFS($B$2:$B$32, $E$2:$E$32, "B", $C$2:$C$32,$K4), "") | N4: =IF(NOT(ISBLANK($K4)),SUMIFS($B$2:$B$32,$E$2:$E$32, "1", $C$2:$C$32,$K4,$F$2:$F$32,"N"), "") | O4: =IF(NOT(ISBLANK($K4)),SUMIFS($B$2:$B$32,$E$2:$E$32, "1", $C$2:$C$32,$K4,$F$2:$F$32,"Y"), "") | P4: =IF(NOT(ISBLANK($K4)),SUMIFS($B$2:$B$32,$E$2:$E$32, "2", $C$2:$C$32,$K4), "") | Q4: =IF(NOT(ISBLANK($K4)),SUMIFS($B$2:$B$32,$E$2:$E$32, "B", $C$2:$C$32,$K4,$F$2:$F$32,"N"), "")
A5: Nidoran ♂ | B5: 3 | C5: {=IF(NOT(ISBLANK($A5)), (_xlfn.XLOOKUP($A5,Index!$B$2:$B$103,Index!$C$2:$C$103,"Not Found")),"")} -> G | D5: {=IF(NOT(ISBLANK(A5)), (_xlfn.XLOOKUP($A5,Index!$B$2:B$103,Index!$A$2:$A$103,"Not Found")),"")} -> base1-55 | E5: {=IF(NOT(ISBLANK($A5)), (_xlfn.XLOOKUP($A5,Index!$B$2:$B$103,Index!$D$2:$D$103,"Not Found")),"")} -> 1 | F5: {=IF(NOT(ISBLANK($A5)), (_xlfn.XLOOKUP($A5,Index!$B$2:$B$103,Index!$E$2:$E$103,"Not Found")),"")} -> y | G5: {=IF(NOT(ISBLANK(A5)), ((_xlfn.XLOOKUP(A5,Index!$B$2:$B$103,Index!$F$2:$F$103,"Not Found"))*B5),"")} -> 0 | L5: =IF(NOT(ISBLANK(K5)), SUM(M5:P5), "") | M5: =IF(NOT(ISBLANK($K5)), SUMIFS($B$2:$B$32, $E$2:$E$32, "B", $C$2:$C$32,$K5), "") | N5: =IF(NOT(ISBLANK($K5)),SUMIFS($B$2:$B$32,$E$2:$E$32, "1", $C$2:$C$32,$K5,$F$2:$F$32,"N"), "") | O5: =IF(NOT(ISBLANK($K5)),SUMIFS($B$2:$B$32,$E$2:$E$32, "1", $C$2:$C$32,$K5,$F$2:$F$32,"Y"), "") | P5: =IF(NOT(ISBLANK($K5)),SUMIFS($B$2:$B$32,$E$2:$E$32, "2", $C$2:$C$32,$K5), "") | Q5: =IF(NOT(ISBLANK($K5)),SUMIFS($B$2:$B$32,$E$2:$E$32, "B", $C$2:$C$32,$K5,$F$2:$F$32,"N"), "")
A6: Nidorino | B6: 2 | C6: {=IF(NOT(ISBLANK($A6)), (_xlfn.XLOOKUP($A6,Index!$B$2:$B$103,Index!$C$2:$C$103,"Not Found")),"")} -> G | D6: {=IF(NOT(ISBLANK(A6)), (_xlfn.XLOOKUP($A6,Index!$B$2:B$103,Index!$A$2:$A$103,"Not Found")),"")} -> base1-37 | E6: {=IF(NOT(ISBLANK($A6)), (_xlfn.XLOOKUP($A6,Index!$B$2:$B$103,Index!$D$2:$D$103,"Not Found")),"")} -> 1 | F6: {=IF(NOT(ISBLANK($A6)), (_xlfn.XLOOKUP($A6,Index!$B$2:$B$103,Index!$E$2:$E$103,"Not Found")),"")} -> y | G6: {=IF(NOT(ISBLANK(A6)), ((_xlfn.XLOOKUP(A6,Index!$B$2:$B$103,Index!$F$2:$F$103,"Not Found"))*B6),"")} -> 0 | L6: =IF(NOT(ISBLANK(K6)), SUM(M6:P6), "") | M6: =IF(NOT(ISBLANK($K6)), COUNTIFS($E$2:$E$32, "B", $C$2:$C$32,$K6), "") | N6: =IF(NOT(ISBLANK(K6)),COUNTIFS($E$2:$E$32, "1", $C$2:$C$32,$K6,$F$2:$F$32,"N"), "") | O6: =IF(NOT(ISBLANK($K6)),COUNTIFS($E$2:$E$32, "1", $C$2:$C$32,$K6,$F$2:$F$32,"Y"), "") | P6: =IF(NOT(ISBLANK($K6)),COUNTIFS($E$2:$E$32, "2", $C$2:$C$32,$K6), "") | Q6: =IF(NOT(ISBLANK($K6)),COUNTIFS($E$2:$E$32, "B", $C$2:$C$32,$K6,$F$2:$F$32,"N"), "")
A7: Nidoking | B7: 1 | C7: {=IF(NOT(ISBLANK($A7)), (_xlfn.XLOOKUP($A7,Index!$B$2:$B$103,Index!$C$2:$C$103,"Not Found")),"")} -> G | D7: {=IF(NOT(ISBLANK(A7)), (_xlfn.XLOOKUP($A7,Index!$B$2:B$103,Index!$A$2:$A$103,"Not Found")),"")} -> base1-11 | E7: {=IF(NOT(ISBLANK($A7)), (_xlfn.XLOOKUP($A7,Index!$B$2:$B$103,Index!$D$2:$D$103,"Not Found")),"")} -> 2 | F7: {=IF(NOT(ISBLANK($A7)), (_xlfn.XLOOKUP($A7,Index!$B$2:$B$103,Index!$E$2:$E$103,"Not Found")),"")} | G7: {=IF(NOT(ISBLANK(A7)), ((_xlfn.XLOOKUP(A7,Index!$B$2:$B$103,Index!$F$2:$F$103,"Not Found"))*B7),"")} -> 3 | K7: Total | L7: =SUM(L2:L6) -> 22 | M7: =SUM(M2:M6) -> 10 | N7: =SUM(N2:N6) -> 0 | O7: =SUM(O2:O6) -> 9 | P7: =SUM(P2:P6) -> 3 | Q7: =SUM(Q2:Q6) -> 1
A8: Dratini | B8: 2 | C8: {=IF(NOT(ISBLANK($A8)), (_xlfn.XLOOKUP($A8,Index!$B$2:$B$103,Index!$C$2:$C$103,"Not Found")),"")} -> C | D8: {=IF(NOT(ISBLANK(A8)), (_xlfn.XLOOKUP($A8,Index!$B$2:B$103,Index!$A$2:$A$103,"Not Found")),"")} -> base1-26 | E8: {=IF(NOT(ISBLANK($A8)), (_xlfn.XLOOKUP($A8,Index!$B$2:$B$103,Index!$D$2:$D$103,"Not Found")),"")} -> b | F8: {=IF(NOT(ISBLANK($A8)), (_xlfn.XLOOKUP($A8,Index!$B$2:$B$103,Index!$E$2:$E$103,"Not Found")),"")} -> y | G8: {=IF(NOT(ISBLANK(A8)), ((_xlfn.XLOOKUP(A8,Index!$B$2:$B$103,Index!$F$2:$F$103,"Not Found"))*B8),"")} -> 0
A9: Dragonair | B9: 1 | C9: {=IF(NOT(ISBLANK($A9)), (_xlfn.XLOOKUP($A9,Index!$B$2:$B$103,Index!$C$2:$C$103,"Not Found")),"")} -> C | D9: {=IF(NOT(ISBLANK(A9)), (_xlfn.XLOOKUP($A9,Index!$B$2:B$103,Index!$A$2:$A$103,"Not Found")),"")} -> base1-18 | E9: {=IF(NOT(ISBLANK($A9)), (_xlfn.XLOOKUP($A9,Index!$B$2:$B$103,Index!$D$2:$D$103,"Not Found")),"")} -> 1 | F9: {=IF(NOT(ISBLANK($A9)), (_xlfn.XLOOKUP($A9,Index!$B$2:$B$103,Index!$E$2:$E$103,"Not Found")),"")} -> y | G9: {=IF(NOT(ISBLANK(A9)), ((_xlfn.XLOOKUP(A9,Index!$B$2:$B$103,Index!$F$2:$F$103,"Not Found"))*B9),"")} -> 1 | M9: Common | N9: Uncommon | O9: Rare
A10: Clefairy | B10: 1 | C10: {=IF(NOT(ISBLANK($A10)), (_xlfn.XLOOKUP($A10,Index!$B$2:$B$103,Index!$C$2:$C$103,"Not Found")),"")} -> C | D10: {=IF(NOT(ISBLANK(A10)), (_xlfn.XLOOKUP($A10,Index!$B$2:B$103,Index!$A$2:$A$103,"Not Found")),"")} -> base1-5 | E10: {=IF(NOT(ISBLANK($A10)), (_xlfn.XLOOKUP($A10,Index!$B$2:$B$103,Index!$D$2:$D$103,"Not Found")),"")} -> b | F10: {=IF(NOT(ISBLANK($A10)), (_xlfn.XLOOKUP($A10,Index!$B$2:$B$103,Index!$E$2:$E$103,"Not Found")),"")} -> y | G10: {=IF(NOT(ISBLANK(A10)), ((_xlfn.XLOOKUP(A10,Index!$B$2:$B$103,Index!$F$2:$F$103,"Not Found"))*B10),"")} -> 0.5 | K10: Trainer | L10: =SUM(M10:P10) -> 13 | M10: =IF(NOT(ISBLANK($K10)), SUMIFS($B$2:$B$32,$E$2:$E$32, "C", $C$2:$C$32,"T"), "") -> 7 | N10: =IF(NOT(ISBLANK($K10)), SUMIFS($B$2:$B$32,$E$2:$E$32, "U", $C$2:$C$32,"T"), "") -> 4 | O10: =IF(NOT(ISBLANK($K$2)), SUMIFS($B$2:$B$32,$E$2:$E$32, "R", $C$2:$C$32,"T"), "") -> 2
A11: Koffing | B11: 2 | C11: {=IF(NOT(ISBLANK($A11)), (_xlfn.XLOOKUP($A11,Index!$B$2:$B$103,Index!$C$2:$C$103,"Not Found")),"")} -> G | D11: {=IF(NOT(ISBLANK(A11)), (_xlfn.XLOOKUP($A11,Index!$B$2:B$103,Index!$A$2:$A$103,"Not Found")),"")} -> base1-51 | E11: {=IF(NOT(ISBLANK($A11)), (_xlfn.XLOOKUP($A11,Index!$B$2:$B$103,Index!$D$2:$D$103,"Not Found")),"")} -> b | F11: {=IF(NOT(ISBLANK($A11)), (_xlfn.XLOOKUP($A11,Index!$B$2:$B$103,Index!$E$2:$E$103,"Not Found")),"")} -> y | G11: {=IF(NOT(ISBLANK(A11)), ((_xlfn.XLOOKUP(A11,Index!$B$2:$B$103,Index!$F$2:$F$103,"Not Found"))*B11),"")} -> 0 | K11: Energy | L11: =IF(NOT(ISBLANK($K$2)), SUMIFS($B$2:$B$32, $C$2:$C$32,"Energy"), "") -> 25
A12: Tangela | B12: 1 | C12: {=IF(NOT(ISBLANK($A12)), (_xlfn.XLOOKUP($A12,Index!$B$2:$B$103,Index!$C$2:$C$103,"Not Found")),"")} -> G | D12: {=IF(NOT(ISBLANK(A12)), (_xlfn.XLOOKUP($A12,Index!$B$2:B$103,Index!$A$2:$A$103,"Not Found")),"")} -> base1-66 | E12: {=IF(NOT(ISBLANK($A12)), (_xlfn.XLOOKUP($A12,Index!$B$2:$B$103,Index!$D$2:$D$103,"Not Found")),"")} -> b | F12: {=IF(NOT(ISBLANK($A12)), (_xlfn.XLOOKUP($A12,Index!$B$2:$B$103,Index!$E$2:$E$103,"Not Found")),"")} -> n | G12: {=IF(NOT(ISBLANK(A12)), ((_xlfn.XLOOKUP(A12,Index!$B$2:$B$103,Index!$F$2:$F$103,"Not Found"))*B12),"")} -> 0 | K12: Pokemon | L12: =L7 -> 22
A13: Grass Energy | B13: 25 | C13: {=IF(NOT(ISBLANK($A13)), (_xlfn.XLOOKUP($A13,Index!$B$2:$B$103,Index!$C$2:$C$103,"Not Found")),"")} -> Energy | D13: {=IF(NOT(ISBLANK(A13)), (_xlfn.XLOOKUP($A13,Index!$B$2:B$103,Index!$A$2:$A$103,"Not Found")),"")} -> base1-99 | E13: {=IF(NOT(ISBLANK($A13)), (_xlfn.XLOOKUP($A13,Index!$B$2:$B$103,Index!$D$2:$D$103,"Not Found")),"")} | F13: {=IF(NOT(ISBLANK($A13)), (_xlfn.XLOOKUP($A13,Index!$B$2:$B$103,Index!$E$2:$E$103,"Not Found")),"")} | G13: {=IF(NOT(ISBLANK(A13)), ((_xlfn.XLOOKUP(A13,Index!$B$2:$B$103,Index!$F$2:$F$103,"Not Found"))*B13),"")} -> 0
A14: Pokemon Breeder | B14: 1 | C14: {=IF(NOT(ISBLANK($A14)), (_xlfn.XLOOKUP($A14,Index!$B$2:$B$103,Index!$C$2:$C$103,"Not Found")),"")} -> T | D14: {=IF(NOT(ISBLANK(A14)), (_xlfn.XLOOKUP($A14,Index!$B$2:B$103,Index!$A$2:$A$103,"Not Found")),"")} -> base1-76 | E14: {=IF(NOT(ISBLANK($A14)), (_xlfn.XLOOKUP($A14,Index!$B$2:$B$103,Index!$D$2:$D$103,"Not Found")),"")} -> r | F14: {=IF(NOT(ISBLANK($A14)), (_xlfn.XLOOKUP($A14,Index!$B$2:$B$103,Index!$E$2:$E$103,"Not Found")),"")} | G14: {=IF(NOT(ISBLANK(A14)), ((_xlfn.XLOOKUP(A14,Index!$B$2:$B$103,Index!$F$2:$F$103,"Not Found"))*B14),"")} -> 0
A15: Item Finder | B15: 1 | C15: {=IF(NOT(ISBLANK($A15)), (_xlfn.XLOOKUP($A15,Index!$B$2:$B$103,Index!$C$2:$C$103,"Not Found")),"")} -> T | D15: {=IF(NOT(ISBLANK(A15)), (_xlfn.XLOOKUP($A15,Index!$B$2:B$103,Index!$A$2:$A$103,"Not Found")),"")} -> base1-74 | E15: {=IF(NOT(ISBLANK($A15)), (_xlfn.XLOOKUP($A15,Index!$B$2:$B$103,Index!$D$2:$D$103,"Not Found")),"")} -> r | F15: {=IF(NOT(ISBLANK($A15)), (_xlfn.XLOOKUP($A15,Index!$B$2:$B$103,Index!$E$2:$E$103,"Not Found")),"")} | G15: {=IF(NOT(ISBLANK(A15)), ((_xlfn.XLOOKUP(A15,Index!$B$2:$B$103,Index!$F$2:$F$103,"Not Found"))*B15),"")} -> 0 | K15: Feature Weight:
A16: Professor Oak | B16: 2 | C16: {=IF(NOT(ISBLANK($A16)), (_xlfn.XLOOKUP($A16,Index!$B$2:$B$103,Index!$C$2:$C$103,"Not Found")),"")} -> T | D16: {=IF(NOT(ISBLANK(A16)), (_xlfn.XLOOKUP($A16,Index!$B$2:B$103,Index!$A$2:$A$103,"Not Found")),"")} -> base1-88 | E16: {=IF(NOT(ISBLANK($A16)), (_xlfn.XLOOKUP($A16,Index!$B$2:$B$103,Index!$D$2:$D$103,"Not Found")),"")} -> u | F16: {=IF(NOT(ISBLANK($A16)), (_xlfn.XLOOKUP($A16,Index!$B$2:$B$103,Index!$E$2:$E$103,"Not Found")),"")} | G16: {=IF(NOT(ISBLANK(A16)), ((_xlfn.XLOOKUP(A16,Index!$B$2:$B$103,Index!$F$2:$F$103,"Not Found"))*B16),"")} -> 0 | K16: =K2 -> G | L16: =IF(NOT(ISBLANK($K2)), SUMIFS($G$2:$G$32, $C$2:$C$32,$K2), "") -> 9
A17: Bill | B17: 3 | C17: {=IF(NOT(ISBLANK($A17)), (_xlfn.XLOOKUP($A17,Index!$B$2:$B$103,Index!$C$2:$C$103,"Not Found")),"")} -> T | D17: {=IF(NOT(ISBLANK(A17)), (_xlfn.XLOOKUP($A17,Index!$B$2:B$103,Index!$A$2:$A$103,"Not Found")),"")} -> base1-91 | E17: {=IF(NOT(ISBLANK($A17)), (_xlfn.XLOOKUP($A17,Index!$B$2:$B$103,Index!$D$2:$D$103,"Not Found")),"")} -> c | F17: {=IF(NOT(ISBLANK($A17)), (_xlfn.XLOOKUP($A17,Index!$B$2:$B$103,Index!$E$2:$E$103,"Not Found")),"")} | G17: {=IF(NOT(ISBLANK(A17)), ((_xlfn.XLOOKUP(A17,Index!$B$2:$B$103,Index!$F$2:$F$103,"Not Found"))*B17),"")} -> 0 | K17: =K3 -> C | L17: =IF(NOT(ISBLANK($K3)), SUMIFS($G$2:$G$32, $C$2:$C$32,$K3), "") -> 1.5
A18: Switch | B18: 1 | C18: {=IF(NOT(ISBLANK($A18)), (_xlfn.XLOOKUP($A18,Index!$B$2:$B$103,Index!$C$2:$C$103,"Not Found")),"")} -> T | D18: {=IF(NOT(ISBLANK(A18)), (_xlfn.XLOOKUP($A18,Index!$B$2:B$103,Index!$A$2:$A$103,"Not Found")),"")} -> base1-95 | E18: {=IF(NOT(ISBLANK($A18)), (_xlfn.XLOOKUP($A18,Index!$B$2:$B$103,Index!$D$2:$D$103,"Not Found")),"")} -> c | F18: {=IF(NOT(ISBLANK($A18)), (_xlfn.XLOOKUP($A18,Index!$B$2:$B$103,Index!$E$2:$E$103,"Not Found")),"")} | G18: {=IF(NOT(ISBLANK(A18)), ((_xlfn.XLOOKUP(A18,Index!$B$2:$B$103,Index!$F$2:$F$103,"Not Found"))*B18),"")} -> 0 | K18: =K4 | L18: =IF(NOT(ISBLANK($K4)), SUMIFS($G$2:$G$32, $C$2:$C$32,$K4), "")
A19: Super Potion | B19: 1 | C19: {=IF(NOT(ISBLANK($A19)), (_xlfn.XLOOKUP($A19,Index!$B$2:$B$103,Index!$C$2:$C$103,"Not Found")),"")} -> T | D19: {=IF(NOT(ISBLANK(A19)), (_xlfn.XLOOKUP($A19,Index!$B$2:B$103,Index!$A$2:$A$103,"Not Found")),"")} -> base1-90 | E19: {=IF(NOT(ISBLANK($A19)), (_xlfn.XLOOKUP($A19,Index!$B$2:$B$103,Index!$D$2:$D$103,"Not Found")),"")} -> u | F19: {=IF(NOT(ISBLANK($A19)), (_xlfn.XLOOKUP($A19,Index!$B$2:$B$103,Index!$E$2:$E$103,"Not Found")),"")} | G19: {=IF(NOT(ISBLANK(A19)), ((_xlfn.XLOOKUP(A19,Index!$B$2:$B$103,Index!$F$2:$F$103,"Not Found"))*B19),"")} -> 0 | K19: =K5 | L19: =IF(NOT(ISBLANK($K5)), SUMIFS($G$2:$G$32, $C$2:$C$32,$K5), "")
A20: Defender | B20: 1 | C20: {=IF(NOT(ISBLANK($A20)), (_xlfn.XLOOKUP($A20,Index!$B$2:$B$103,Index!$C$2:$C$103,"Not Found")),"")} -> T | D20: {=IF(NOT(ISBLANK(A20)), (_xlfn.XLOOKUP($A20,Index!$B$2:B$103,Index!$A$2:$A$103,"Not Found")),"")} -> base1-80 | E20: {=IF(NOT(ISBLANK($A20)), (_xlfn.XLOOKUP($A20,Index!$B$2:$B$103,Index!$D$2:$D$103,"Not Found")),"")} -> u | F20: {=IF(NOT(ISBLANK($A20)), (_xlfn.XLOOKUP($A20,Index!$B$2:$B$103,Index!$E$2:$E$103,"Not Found")),"")} | G20: {=IF(NOT(ISBLANK(A20)), ((_xlfn.XLOOKUP(A20,Index!$B$2:$B$103,Index!$F$2:$F$103,"Not Found"))*B20),"")} -> 0 | K20: =K6
A21: Energy Removal | B21: 1 | C21: {=IF(NOT(ISBLANK($A21)), (_xlfn.XLOOKUP($A21,Index!$B$2:$B$103,Index!$C$2:$C$103,"Not Found")),"")} -> T | D21: {=IF(NOT(ISBLANK(A21)), (_xlfn.XLOOKUP($A21,Index!$B$2:B$103,Index!$A$2:$A$103,"Not Found")),"")} -> base1-92 | E21: {=IF(NOT(ISBLANK($A21)), (_xlfn.XLOOKUP($A21,Index!$B$2:$B$103,Index!$D$2:$D$103,"Not Found")),"")} -> c | F21: {=IF(NOT(ISBLANK($A21)), (_xlfn.XLOOKUP($A21,Index!$B$2:$B$103,Index!$E$2:$E$103,"Not Found")),"")} | G21: {=IF(NOT(ISBLANK(A21)), ((_xlfn.XLOOKUP(A21,Index!$B$2:$B$103,Index!$F$2:$F$103,"Not Found"))*B21),"")} -> 0 | K21: Total: | L21: =SUM(G2:G46) -> 10.5
A22: Potion | B22: 2 | C22: {=IF(NOT(ISBLANK($A22)), (_xlfn.XLOOKUP($A22,Index!$B$2:$B$103,Index!$C$2:$C$103,"Not Found")),"")} -> T | D22: {=IF(NOT(ISBLANK(A22)), (_xlfn.XLOOKUP($A22,Index!$B$2:B$103,Index!$A$2:$A$103,"Not Found")),"")} -> base1-94 | E22: {=IF(NOT(ISBLANK($A22)), (_xlfn.XLOOKUP($A22,Index!$B$2:$B$103,Index!$D$2:$D$103,"Not Found")),"")} -> c | F22: {=IF(NOT(ISBLANK($A22)), (_xlfn.XLOOKUP($A22,Index!$B$2:$B$103,Index!$E$2:$E$103,"Not Found")),"")} | G22: {=IF(NOT(ISBLANK(A22)), ((_xlfn.XLOOKUP(A22,Index!$B$2:$B$103,Index!$F$2:$F$103,"Not Found"))*B22),"")} -> 0
C23: {=IF(NOT(ISBLANK($A23)), (_xlfn.XLOOKUP($A23,Index!$B$2:$B$103,Index!$C$2:$C$103,"Not Found")),"")} | D23: {=IF(NOT(ISBLANK(A23)), (_xlfn.XLOOKUP($A23,Index!$B$2:B$103,Index!$A$2:$A$103,"Not Found")),"")} | E23: {=IF(NOT(ISBLANK($A23)), (_xlfn.XLOOKUP($A23,Index!$B$2:$B$103,Index!$D$2:$D$103,"Not Found")),"")} | F23: {=IF(NOT(ISBLANK($A23)), (_xlfn.XLOOKUP($A23,Index!$B$2:$B$103,Index!$E$2:$E$103,"Not Found")),"")} | G23: {=IF(NOT(ISBLANK(A23)), ((_xlfn.XLOOKUP(A23,Index!$B$2:$B$103,Index!$F$2:$F$103,"Not Found"))*B23),"")}
C24: {=IF(NOT(ISBLANK($A24)), (_xlfn.XLOOKUP($A24,Index!$B$2:$B$103,Index!$C$2:$C$103,"Not Found")),"")} | D24: {=IF(NOT(ISBLANK(A24)), (_xlfn.XLOOKUP($A24,Index!$B$2:B$103,Index!$A$2:$A$103,"Not Found")),"")} | E24: {=IF(NOT(ISBLANK($A24)), (_xlfn.XLOOKUP($A24,Index!$B$2:$B$103,Index!$D$2:$D$103,"Not Found")),"")} | F24: {=IF(NOT(ISBLANK($A24)), (_xlfn.XLOOKUP($A24,Index!$B$2:$B$103,Index!$E$2:$E$103,"Not Found")),"")} | G24: {=IF(NOT(ISBLANK(A24)), ((_xlfn.XLOOKUP(A24,Index!$B$2:$B$103,Index!$F$2:$F$103,"Not Found"))*B24),"")}
C25: {=IF(NOT(ISBLANK($A25)), (_xlfn.XLOOKUP($A25,Index!$B$2:$B$103,Index!$C$2:$C$103,"Not Found")),"")} | D25: {=IF(NOT(ISBLANK(A25)), (_xlfn.XLOOKUP($A25,Index!$B$2:B$103,Index!$A$2:$A$103,"Not Found")),"")} | E25: {=IF(NOT(ISBLANK($A25)), (_xlfn.XLOOKUP($A25,Index!$B$2:$B$103,Index!$D$2:$D$103,"Not Found")),"")} | F25: {=IF(NOT(ISBLANK($A25)), (_xlfn.XLOOKUP($A25,Index!$B$2:$B$103,Index!$E$2:$E$103,"Not Found")),"")} | G25: {=IF(NOT(ISBLANK(A25)), ((_xlfn.XLOOKUP(A25,Index!$B$2:$B$103,Index!$F$2:$F$103,"Not Found"))*B25),"")}
C26: {=IF(NOT(ISBLANK($A26)), (_xlfn.XLOOKUP($A26,Index!$B$2:$B$103,Index!$C$2:$C$103,"Not Found")),"")} | D26: {=IF(NOT(ISBLANK(A26)), (_xlfn.XLOOKUP($A26,Index!$B$2:B$103,Index!$A$2:$A$103,"Not Found")),"")} | E26: {=IF(NOT(ISBLANK($A26)), (_xlfn.XLOOKUP($A26,Index!$B$2:$B$103,Index!$D$2:$D$103,"Not Found")),"")} | F26: {=IF(NOT(ISBLANK($A26)), (_xlfn.XLOOKUP($A26,Index!$B$2:$B$103,Index!$E$2:$E$103,"Not Found")),"")} | G26: {=IF(NOT(ISBLANK(A26)), ((_xlfn.XLOOKUP(A26,Index!$B$2:$B$103,Index!$F$2:$F$103,"Not Found"))*B26),"")}
C27: {=IF(NOT(ISBLANK($A27)), (_xlfn.XLOOKUP($A27,Index!$B$2:$B$103,Index!$C$2:$C$103,"Not Found")),"")} | D27: {=IF(NOT(ISBLANK(A27)), (_xlfn.XLOOKUP($A27,Index!$B$2:B$103,Index!$A$2:$A$103,"Not Found")),"")} | E27: {=IF(NOT(ISBLANK($A27)), (_xlfn.XLOOKUP($A27,Index!$B$2:$B$103,Index!$D$2:$D$103,"Not Found")),"")} | F27: {=IF(NOT(ISBLANK($A27)), (_xlfn.XLOOKUP($A27,Index!$B$2:$B$103,Index!$E$2:$E$103,"Not Found")),"")} | G27: {=IF(NOT(ISBLANK(A27)), ((_xlfn.XLOOKUP(A27,Index!$B$2:$B$103,Index!$F$2:$F$103,"Not Found"))*B27),"")}
C28: {=IF(NOT(ISBLANK($A28)), (_xlfn.XLOOKUP($A28,Index!$B$2:$B$103,Index!$C$2:$C$103,"Not Found")),"")} | D28: {=IF(NOT(ISBLANK(A28)), (_xlfn.XLOOKUP($A28,Index!$B$2:B$103,Index!$A$2:$A$103,"Not Found")),"")} | E28: {=IF(NOT(ISBLANK($A28)), (_xlfn.XLOOKUP($A28,Index!$B$2:$B$103,Index!$D$2:$D$103,"Not Found")),"")} | F28: {=IF(NOT(ISBLANK($A28)), (_xlfn.XLOOKUP($A28,Index!$B$2:$B$103,Index!$E$2:$E$103,"Not Found")),"")} | G28: {=IF(NOT(ISBLANK(A28)), ((_xlfn.XLOOKUP(A28,Index!$B$2:$B$103,Index!$F$2:$F$103,"Not Found"))*B28),"")}
C29: {=IF(NOT(ISBLANK($A29)), (_xlfn.XLOOKUP($A29,Index!$B$2:$B$103,Index!$C$2:$C$103,"Not Found")),"")} | D29: {=IF(NOT(ISBLANK(A29)), (_xlfn.XLOOKUP($A29,Index!$B$2:B$103,Index!$A$2:$A$103,"Not Found")),"")} | E29: {=IF(NOT(ISBLANK($A29)), (_xlfn.XLOOKUP($A29,Index!$B$2:$B$103,Index!$D$2:$D$103,"Not Found")),"")} | F29: {=IF(NOT(ISBLANK($A29)), (_xlfn.XLOOKUP($A29,Index!$B$2:$B$103,Index!$E$2:$E$103,"Not Found")),"")} | G29: {=IF(NOT(ISBLANK(A29)), ((_xlfn.XLOOKUP(A29,Index!$B$2:$B$103,Index!$F$2:$F$103,"Not Found"))*B29),"")}
C30: {=IF(NOT(ISBLANK($A30)), (_xlfn.XLOOKUP($A30,Index!$B$2:$B$103,Index!$C$2:$C$103,"Not Found")),"")} | D30: {=IF(NOT(ISBLANK(A30)), (_xlfn.XLOOKUP($A30,Index!$B$2:B$103,Index!$A$2:$A$103,"Not Found")),"")} | E30: {=IF(NOT(ISBLANK($A30)), (_xlfn.XLOOKUP($A30,Index!$B$2:$B$103,Index!$D$2:$D$103,"Not Found")),"")} | F30: {=IF(NOT(ISBLANK($A30)), (_xlfn.XLOOKUP($A30,Index!$B$2:$B$103,Index!$E$2:$E$103,"Not Found")),"")} | G30: {=IF(NOT(ISBLANK(A30)), ((_xlfn.XLOOKUP(A30,Index!$B$2:$B$103,Index!$F$2:$F$103,"Not Found"))*B30),"")}
C31: {=IF(NOT(ISBLANK($A31)), (_xlfn.XLOOKUP($A31,Index!$B$2:$B$103,Index!$C$2:$C$103,"Not Found")),"")} | D31: {=IF(NOT(ISBLANK(A31)), (_xlfn.XLOOKUP($A31,Index!$B$2:B$103,Index!$A$2:$A$103,"Not Found")),"")} | E31: {=IF(NOT(ISBLANK($A31)), (_xlfn.XLOOKUP($A31,Index!$B$2:$B$103,Index!$D$2:$D$103,"Not Found")),"")} | F31: {=IF(NOT(ISBLANK($A31)), (_xlfn.XLOOKUP($A31,Index!$B$2:$B$103,Index!$E$2:$E$103,"Not Found")),"")} | G31: {=IF(NOT(ISBLANK(A31)), ((_xlfn.XLOOKUP(A31,Index!$B$2:$B$103,Index!$F$2:$F$103,"Not Found"))*B31),"")}
C32: {=IF(NOT(ISBLANK($A32)), (_xlfn.XLOOKUP($A32,Index!$B$2:$B$103,Index!$C$2:$C$103,"Not Found")),"")} | D32: {=IF(NOT(ISBLANK(A32)), (_xlfn.XLOOKUP($A32,Index!$B$2:B$103,Index!$A$2:$A$103,"Not Found")),"")} | E32: {=IF(NOT(ISBLANK($A32)), (_xlfn.XLOOKUP($A32,Index!$B$2:$B$103,Index!$D$2:$D$103,"Not Found")),"")} | F32: {=IF(NOT(ISBLANK($A32)), (_xlfn.XLOOKUP($A32,Index!$B$2:$B$103,Index!$E$2:$E$103,"Not Found")),"")} | G32: {=IF(NOT(ISBLANK(A32)), ((_xlfn.XLOOKUP(A32,Index!$B$2:$B$103,Index!$F$2:$F$103,"Not Found"))*B32),"")}
C33: {=IF(NOT(ISBLANK($A33)), (_xlfn.XLOOKUP($A33,Index!$B$2:$B$103,Index!$C$2:$C$103,"Not Found")),"")} | D33: {=IF(NOT(ISBLANK(A33)), (_xlfn.XLOOKUP($A33,Index!$B$2:B$103,Index!$A$2:$A$103,"Not Found")),"")} | E33: {=IF(NOT(ISBLANK($A33)), (_xlfn.XLOOKUP($A33,Index!$B$2:$B$103,Index!$D$2:$D$103,"Not Found")),"")} | F33: {=IF(NOT(ISBLANK($A33)), (_xlfn.XLOOKUP($A33,Index!$B$2:$B$103,Index!$E$2:$E$103,"Not Found")),"")} | G33: {=IF(NOT(ISBLANK(A33)), ((_xlfn.XLOOKUP(A33,Index!$B$2:$B$103,Index!$F$2:$F$103,"Not Found"))*B33),"")}
C34: {=IF(NOT(ISBLANK($A34)), (_xlfn.XLOOKUP($A34,Index!$B$2:$B$103,Index!$C$2:$C$103,"Not Found")),"")} | D34: {=IF(NOT(ISBLANK(A34)), (_xlfn.XLOOKUP($A34,Index!$B$2:B$103,Index!$A$2:$A$103,"Not Found")),"")} | E34: {=IF(NOT(ISBLANK($A34)), (_xlfn.XLOOKUP($A34,Index!$B$2:$B$103,Index!$D$2:$D$103,"Not Found")),"")} | F34: {=IF(NOT(ISBLANK($A34)), (_xlfn.XLOOKUP($A34,Index!$B$2:$B$103,Index!$E$2:$E$103,"Not Found")),"")} | G34: {=IF(NOT(ISBLANK(A34)), ((_xlfn.XLOOKUP(A34,Index!$B$2:$B$103,Index!$F$2:$F$103,"Not Found"))*B34),"")}
... C36: {=IF(NOT(ISBLANK($A36)), (_xlfn.XLOOKUP($A36,Index!$B$2:$B$103,Index!$C$2:$C$103,"Not Found")),"")} | D36: {=IF(NOT(ISBLANK(A36)), (_xlfn.XLOOKUP($A36,Index!$B$2:B$103,Index!$A$2:$A$103,"Not Found")),"")} | E36: {=IF(NOT(ISBLANK($A36)), (_xlfn.XLOOKUP($A36,Index!$B$2:$B$103,Index!$D$2:$D$103,"Not Found")),"")} | F36: {=IF(NOT(ISBLANK($A36)), (_xlfn.XLOOKUP($A36,Index!$B$2:$B$103,Index!$E$2:$E$103,"Not Found")),"")} | G36: {=IF(NOT(ISBLANK(A36)), ((_xlfn.XLOOKUP(A36,Index!$B$2:$B$103,Index!$F$2:$F$103,"Not Found"))*B36),"")}
C37: {=IF(NOT(ISBLANK($A37)), (_xlfn.XLOOKUP($A37,Index!$B$2:$B$103,Index!$C$2:$C$103,"Not Found")),"")} | D37: {=IF(NOT(ISBLANK(A37)), (_xlfn.XLOOKUP($A37,Index!$B$2:B$103,Index!$A$2:$A$103,"Not Found")),"")} | E37: {=IF(NOT(ISBLANK($A37)), (_xlfn.XLOOKUP($A37,Index!$B$2:$B$103,Index!$D$2:$D$103,"Not Found")),"")} | F37: {=IF(NOT(ISBLANK($A37)), (_xlfn.XLOOKUP($A37,Index!$B$2:$B$103,Index!$E$2:$E$103,"Not Found")),"")}
D38: {=IF(NOT(ISBLANK(A38)), (_xlfn.XLOOKUP(A38,Index!$B$2:B$103,Index!$A$2:$A$103,"Not Found")),"")} | E38: {=IF(NOT(ISBLANK($A38)), (_xlfn.XLOOKUP($A38,Index!$B$2:$B$103,Index!$D$2:$D$103,"Not Found")),"")}
D39: {=IF(NOT(ISBLANK(A39)), (_xlfn.XLOOKUP(A39,Index!$B$2:B$103,Index!$A$2:$A$103,"Not Found")),"")} | E39: {=IF(NOT(ISBLANK($A39)), (_xlfn.XLOOKUP($A39,Index!$B$2:$B$103,Index!$D$2:$D$103,"Not Found")),"")}
D40: {=IF(NOT(ISBLANK(A40)), (_xlfn.XLOOKUP(A40,Index!B$2:B$103,Index!A$2:A$103,"Not Found")),"")} | E40: {=IF(NOT(ISBLANK($A40)), (_xlfn.XLOOKUP($A40,Index!$B$2:$B$103,Index!$D$2:$D$103,"Not Found")),"")}
D41: {=IF(NOT(ISBLANK(A41)), (_xlfn.XLOOKUP(A41,Index!B$2:B$103,Index!A$2:A$103,"Not Found")),"")}

Sheet B1 T3-2
A1: Card | B1: Quantity | C1: Type | D1: ID | E1: Stage / Rarity | F1: Remaining Evo | G1: Feature Weight | I1: Card Total | K1: Type | L1: Num | M1: Basic | N1: S1 Max | O1: S1 Mid | P1: S2 | Q1: No Evolve
A2: Squirtle | B2: 4 | C2: {=IF(NOT(ISBLANK($A2)), (_xlfn.XLOOKUP($A2,Index!$B$2:$B$103,Index!$C$2:$C$103,"Not Found")),"")} -> W | D2: {=IF(NOT(ISBLANK(A2)), (_xlfn.XLOOKUP($A2,Index!$B$2:B$103,Index!$A$2:$A$103,"Not Found")),"")} -> base1-63 | E2: {=IF(NOT(ISBLANK($A2)), (_xlfn.XLOOKUP($A2,Index!$B$2:$B$103,Index!$D$2:$D$103,"Not Found")),"")} -> b | F2: {=IF(NOT(ISBLANK($A2)), (_xlfn.XLOOKUP($A2,Index!$B$2:$B$103,Index!$E$2:$E$103,"Not Found")),"")} -> y | G2: {=IF(NOT(ISBLANK(A2)), ((_xlfn.XLOOKUP(A2,Index!$B$2:$B$103,Index!$F$2:$F$103,"Not Found"))*B2),"")} -> 0 | I2: =SUM(B2:B38) -> 60 | K2: W | L2: =IF(NOT(ISBLANK(K2)), SUM(M2:P2), "") -> 17 | M2: =IF(NOT(ISBLANK($K2)), SUMIFS($B$2:$B$32, $E$2:$E$32, "B", $C$2:$C$32,$K2), "") -> 10 | N2: =IF(NOT(ISBLANK($K2)),SUMIFS($B$2:$B$32,$E$2:$E$32, "1", $C$2:$C$32,$K2,$F$2:$F$32,"N"), "") -> 3 | O2: =IF(NOT(ISBLANK($K2)),SUMIFS($B$2:$B$32,$E$2:$E$32, "1", $C$2:$C$32,$K2,$F$2:$F$32,"Y"), "") -> 3 | P2: =IF(NOT(ISBLANK($K2)),SUMIFS($B$2:$B$32,$E$2:$E$32, "2", $C$2:$C$32,$K2), "") -> 1 | Q2: =IF(NOT(ISBLANK($K2)),SUMIFS($B$2:$B$32,$E$2:$E$32, "B", $C$2:$C$32,$K2,$F$2:$F$32,"N"), "") -> 0
A3: Wartortle | B3: 3 | C3: {=IF(NOT(ISBLANK($A3)), (_xlfn.XLOOKUP($A3,Index!$B$2:$B$103,Index!$C$2:$C$103,"Not Found")),"")} -> W | D3: {=IF(NOT(ISBLANK(A3)), (_xlfn.XLOOKUP($A3,Index!$B$2:B$103,Index!$A$2:$A$103,"Not Found")),"")} -> base1-42 | E3: {=IF(NOT(ISBLANK($A3)), (_xlfn.XLOOKUP($A3,Index!$B$2:$B$103,Index!$D$2:$D$103,"Not Found")),"")} -> 1 | F3: {=IF(NOT(ISBLANK($A3)), (_xlfn.XLOOKUP($A3,Index!$B$2:$B$103,Index!$E$2:$E$103,"Not Found")),"")} -> y | G3: {=IF(NOT(ISBLANK(A3)), ((_xlfn.XLOOKUP(A3,Index!$B$2:$B$103,Index!$F$2:$F$103,"Not Found"))*B3),"")} -> 0 | K3: C | L3: =IF(NOT(ISBLANK(K3)), SUM(M3:P3), "") -> 2 | M3: =IF(NOT(ISBLANK($K3)), SUMIFS($B$2:$B$32, $E$2:$E$32, "B", $C$2:$C$32,$K3), "") -> 2 | N3: =IF(NOT(ISBLANK($K3)),SUMIFS($B$2:$B$32,$E$2:$E$32, "1", $C$2:$C$32,$K3,$F$2:$F$32,"N"), "") -> 0 | O3: =IF(NOT(ISBLANK($K3)),SUMIFS($B$2:$B$32,$E$2:$E$32, "1", $C$2:$C$32,$K3,$F$2:$F$32,"Y"), "") -> 0 | P3: =IF(NOT(ISBLANK($K3)),SUMIFS($B$2:$B$32,$E$2:$E$32, "2", $C$2:$C$32,$K3), "") -> 0 | Q3: =IF(NOT(ISBLANK($K3)),SUMIFS($B$2:$B$32,$E$2:$E$32, "B", $C$2:$C$32,$K3,$F$2:$F$32,"N"), "") -> 2
A4: Blastoise | B4: 1 | C4: {=IF(NOT(ISBLANK($A4)), (_xlfn.XLOOKUP($A4,Index!$B$2:$B$103,Index!$C$2:$C$103,"Not Found")),"")} -> W | D4: {=IF(NOT(ISBLANK(A4)), (_xlfn.XLOOKUP($A4,Index!$B$2:B$103,Index!$A$2:$A$103,"Not Found")),"")} -> base1-2 | E4: {=IF(NOT(ISBLANK($A4)), (_xlfn.XLOOKUP($A4,Index!$B$2:$B$103,Index!$D$2:$D$103,"Not Found")),"")} -> 2 | F4: {=IF(NOT(ISBLANK($A4)), (_xlfn.XLOOKUP($A4,Index!$B$2:$B$103,Index!$E$2:$E$103,"Not Found")),"")} | G4: {=IF(NOT(ISBLANK(A4)), ((_xlfn.XLOOKUP(A4,Index!$B$2:$B$103,Index!$F$2:$F$103,"Not Found"))*B4),"")} -> 4 | L4: =IF(NOT(ISBLANK(K4)), SUM(M4:P4), "") | M4: =IF(NOT(ISBLANK($K4)), SUMIFS($B$2:$B$32, $E$2:$E$32, "B", $C$2:$C$32,$K4), "") | N4: =IF(NOT(ISBLANK($K4)),SUMIFS($B$2:$B$32,$E$2:$E$32, "1", $C$2:$C$32,$K4,$F$2:$F$32,"N"), "") | O4: =IF(NOT(ISBLANK($K4)),SUMIFS($B$2:$B$32,$E$2:$E$32, "1", $C$2:$C$32,$K4,$F$2:$F$32,"Y"), "") | P4: =IF(NOT(ISBLANK($K4)),SUMIFS($B$2:$B$32,$E$2:$E$32, "2", $C$2:$C$32,$K4), "") | Q4: =IF(NOT(ISBLANK($K4)),SUMIFS($B$2:$B$32,$E$2:$E$32, "B", $C$2:$C$32,$K4,$F$2:$F$32,"N"), "")
A5: Magikarp | B5: 3 | C5: {=IF(NOT(ISBLANK($A5)), (_xlfn.XLOOKUP($A5,Index!$B$2:$B$103,Index!$C$2:$C$103,"Not Found")),"")} -> W | D5: {=IF(NOT(ISBLANK(A5)), (_xlfn.XLOOKUP($A5,Index!$B$2:B$103,Index!$A$2:$A$103,"Not Found")),"")} -> base1-35 | E5: {=IF(NOT(ISBLANK($A5)), (_xlfn.XLOOKUP($A5,Index!$B$2:$B$103,Index!$D$2:$D$103,"Not Found")),"")} -> b | F5: {=IF(NOT(ISBLANK($A5)), (_xlfn.XLOOKUP($A5,Index!$B$2:$B$103,Index!$E$2:$E$103,"Not Found")),"")} -> y | G5: {=IF(NOT(ISBLANK(A5)), ((_xlfn.XLOOKUP(A5,Index!$B$2:$B$103,Index!$F$2:$F$103,"Not Found"))*B5),"")} -> 0 | L5: =IF(NOT(ISBLANK(K5)), SUM(M5:P5), "") | M5: =IF(NOT(ISBLANK($K5)), SUMIFS($B$2:$B$32, $E$2:$E$32, "B", $C$2:$C$32,$K5), "") | N5: =IF(NOT(ISBLANK($K5)),SUMIFS($B$2:$B$32,$E$2:$E$32, "1", $C$2:$C$32,$K5,$F$2:$F$32,"N"), "") | O5: =IF(NOT(ISBLANK($K5)),SUMIFS($B$2:$B$32,$E$2:$E$32, "1", $C$2:$C$32,$K5,$F$2:$F$32,"Y"), "") | P5: =IF(NOT(ISBLANK($K5)),SUMIFS($B$2:$B$32,$E$2:$E$32, "2", $C$2:$C$32,$K5), "") | Q5: =IF(NOT(ISBLANK($K5)),SUMIFS($B$2:$B$32,$E$2:$E$32, "B", $C$2:$C$32,$K5,$F$2:$F$32,"N"), "")
A6: Gyarados | B6: 2 | C6: {=IF(NOT(ISBLANK($A6)), (_xlfn.XLOOKUP($A6,Index!$B$2:$B$103,Index!$C$2:$C$103,"Not Found")),"")} -> W | D6: {=IF(NOT(ISBLANK(A6)), (_xlfn.XLOOKUP($A6,Index!$B$2:B$103,Index!$A$2:$A$103,"Not Found")),"")} -> base1-6 | E6: {=IF(NOT(ISBLANK($A6)), (_xlfn.XLOOKUP($A6,Index!$B$2:$B$103,Index!$D$2:$D$103,"Not Found")),"")} -> 1 | F6: {=IF(NOT(ISBLANK($A6)), (_xlfn.XLOOKUP($A6,Index!$B$2:$B$103,Index!$E$2:$E$103,"Not Found")),"")} -> n | G6: {=IF(NOT(ISBLANK(A6)), ((_xlfn.XLOOKUP(A6,Index!$B$2:$B$103,Index!$F$2:$F$103,"Not Found"))*B6),"")} -> 4 | L6: =IF(NOT(ISBLANK(K6)), SUM(M6:P6), "") | M6: =IF(NOT(ISBLANK($K6)), COUNTIFS($E$2:$E$32, "B", $C$2:$C$32,$K6), "") | N6: =IF(NOT(ISBLANK(K6)),COUNTIFS($E$2:$E$32, "1", $C$2:$C$32,$K6,$F$2:$F$32,"N"), "") | O6: =IF(NOT(ISBLANK($K6)),COUNTIFS($E$2:$E$32, "1", $C$2:$C$32,$K6,$F$2:$F$32,"Y"), "") | P6: =IF(NOT(ISBLANK($K6)),COUNTIFS($E$2:$E$32, "2", $C$2:$C$32,$K6), "") | Q6: =IF(NOT(ISBLANK($K6)),COUNTIFS($E$2:$E$32, "B", $C$2:$C$32,$K6,$F$2:$F$32,"N"), "")
A7: Seel | B7: 3 | C7: {=IF(NOT(ISBLANK($A7)), (_xlfn.XLOOKUP($A7,Index!$B$2:$B$103,Index!$C$2:$C$103,"Not Found")),"")} -> W | D7: {=IF(NOT(ISBLANK(A7)), (_xlfn.XLOOKUP($A7,Index!$B$2:B$103,Index!$A$2:$A$103,"Not Found")),"")} -> base1-41 | E7: {=IF(NOT(ISBLANK($A7)), (_xlfn.XLOOKUP($A7,Index!$B$2:$B$103,Index!$D$2:$D$103,"Not Found")),"")} -> b | F7: {=IF(NOT(ISBLANK($A7)), (_xlfn.XLOOKUP($A7,Index!$B$2:$B$103,Index!$E$2:$E$103,"Not Found")),"")} -> y | G7: {=IF(NOT(ISBLANK(A7)), ((_xlfn.XLOOKUP(A7,Index!$B$2:$B$103,Index!$F$2:$F$103,"Not Found"))*B7),"")} -> 0 | K7: Total | L7: =SUM(L2:L6) -> 19 | M7: =SUM(M2:M6) -> 12 | N7: =SUM(N2:N6) -> 3 | O7: =SUM(O2:O6) -> 3 | P7: =SUM(P2:P6) -> 1 | Q7: =SUM(Q2:Q6) -> 2
A8: Dewgong | B8: 1 | C8: {=IF(NOT(ISBLANK($A8)), (_xlfn.XLOOKUP($A8,Index!$B$2:$B$103,Index!$C$2:$C$103,"Not Found")),"")} -> W | D8: {=IF(NOT(ISBLANK(A8)), (_xlfn.XLOOKUP($A8,Index!$B$2:B$103,Index!$A$2:$A$103,"Not Found")),"")} -> base1-25 | E8: {=IF(NOT(ISBLANK($A8)), (_xlfn.XLOOKUP($A8,Index!$B$2:$B$103,Index!$D$2:$D$103,"Not Found")),"")} -> 1 | F8: {=IF(NOT(ISBLANK($A8)), (_xlfn.XLOOKUP($A8,Index!$B$2:$B$103,Index!$E$2:$E$103,"Not Found")),"")} -> n | G8: {=IF(NOT(ISBLANK(A8)), ((_xlfn.XLOOKUP(A8,Index!$B$2:$B$103,Index!$F$2:$F$103,"Not Found"))*B8),"")} -> 2
A9: Farfetch'd | B9: 2 | C9: {=IF(NOT(ISBLANK($A9)), (_xlfn.XLOOKUP($A9,Index!$B$2:$B$103,Index!$C$2:$C$103,"Not Found")),"")} -> C | D9: {=IF(NOT(ISBLANK(A9)), (_xlfn.XLOOKUP($A9,Index!$B$2:B$103,Index!$A$2:$A$103,"Not Found")),"")} -> base1-27 | E9: {=IF(NOT(ISBLANK($A9)), (_xlfn.XLOOKUP($A9,Index!$B$2:$B$103,Index!$D$2:$D$103,"Not Found")),"")} -> b | F9: {=IF(NOT(ISBLANK($A9)), (_xlfn.XLOOKUP($A9,Index!$B$2:$B$103,Index!$E$2:$E$103,"Not Found")),"")} -> n | G9: {=IF(NOT(ISBLANK(A9)), ((_xlfn.XLOOKUP(A9,Index!$B$2:$B$103,Index!$F$2:$F$103,"Not Found"))*B9),"")} -> 0 | M9: Common | N9: Uncommon | O9: Rare
A10: Water Energy | B10: 26 | C10: {=IF(NOT(ISBLANK($A10)), (_xlfn.XLOOKUP($A10,Index!$B$2:$B$103,Index!$C$2:$C$103,"Not Found")),"")} -> Energy | D10: {=IF(NOT(ISBLANK(A10)), (_xlfn.XLOOKUP($A10,Index!$B$2:B$103,Index!$A$2:$A$103,"Not Found")),"")} -> base1-102 | E10: {=IF(NOT(ISBLANK($A10)), (_xlfn.XLOOKUP($A10,Index!$B$2:$B$103,Index!$D$2:$D$103,"Not Found")),"")} | F10: {=IF(NOT(ISBLANK($A10)), (_xlfn.XLOOKUP($A10,Index!$B$2:$B$103,Index!$E$2:$E$103,"Not Found")),"")} | G10: {=IF(NOT(ISBLANK(A10)), ((_xlfn.XLOOKUP(A10,Index!$B$2:$B$103,Index!$F$2:$F$103,"Not Found"))*B10),"")} -> 0 | K10: Trainer | L10: =SUM(M10:P10) -> 15 | M10: =IF(NOT(ISBLANK($K10)), SUMIFS($B$2:$B$32,$E$2:$E$32, "C", $C$2:$C$32,"T"), "") -> 8 | N10: =IF(NOT(ISBLANK($K10)), SUMIFS($B$2:$B$32,$E$2:$E$32, "U", $C$2:$C$32,"T"), "") -> 4 | O10: =IF(NOT(ISBLANK($K$2)), SUMIFS($B$2:$B$32,$E$2:$E$32, "R", $C$2:$C$32,"T"), "") -> 3
A11: Pokemon Trader | B11: 1 | C11: {=IF(NOT(ISBLANK($A11)), (_xlfn.XLOOKUP($A11,Index!$B$2:$B$103,Index!$C$2:$C$103,"Not Found")),"")} -> T | D11: {=IF(NOT(ISBLANK(A11)), (_xlfn.XLOOKUP($A11,Index!$B$2:B$103,Index!$A$2:$A$103,"Not Found")),"")} -> base1-77 | E11: {=IF(NOT(ISBLANK($A11)), (_xlfn.XLOOKUP($A11,Index!$B$2:$B$103,Index!$D$2:$D$103,"Not Found")),"")} -> r | F11: {=IF(NOT(ISBLANK($A11)), (_xlfn.XLOOKUP($A11,Index!$B$2:$B$103,Index!$E$2:$E$103,"Not Found")),"")} | G11: {=IF(NOT(ISBLANK(A11)), ((_xlfn.XLOOKUP(A11,Index!$B$2:$B$103,Index!$F$2:$F$103,"Not Found"))*B11),"")} -> 0 | K11: Energy | L11: =IF(NOT(ISBLANK($K$2)), SUMIFS($B$2:$B$32, $C$2:$C$32,"Energy"), "") -> 26
A12: Super Energy Removal | B12: 1 | C12: {=IF(NOT(ISBLANK($A12)), (_xlfn.XLOOKUP($A12,Index!$B$2:$B$103,Index!$C$2:$C$103,"Not Found")),"")} -> T | D12: {=IF(NOT(ISBLANK(A12)), (_xlfn.XLOOKUP($A12,Index!$B$2:B$103,Index!$A$2:$A$103,"Not Found")),"")} -> base1-79 | E12: {=IF(NOT(ISBLANK($A12)), (_xlfn.XLOOKUP($A12,Index!$B$2:$B$103,Index!$D$2:$D$103,"Not Found")),"")} -> r | F12: {=IF(NOT(ISBLANK($A12)), (_xlfn.XLOOKUP($A12,Index!$B$2:$B$103,Index!$E$2:$E$103,"Not Found")),"")} | G12: {=IF(NOT(ISBLANK(A12)), ((_xlfn.XLOOKUP(A12,Index!$B$2:$B$103,Index!$F$2:$F$103,"Not Found"))*B12),"")} -> 0 | K12: Pokemon | L12: =L7 -> 19
A13: Professor Oak | B13: 2 | C13: {=IF(NOT(ISBLANK($A13)), (_xlfn.XLOOKUP($A13,Index!$B$2:$B$103,Index!$C$2:$C$103,"Not Found")),"")} -> T | D13: {=IF(NOT(ISBLANK(A13)), (_xlfn.XLOOKUP($A13,Index!$B$2:B$103,Index!$A$2:$A$103,"Not Found")),"")} -> base1-88 | E13: {=IF(NOT(ISBLANK($A13)), (_xlfn.XLOOKUP($A13,Index!$B$2:$B$103,Index!$D$2:$D$103,"Not Found")),"")} -> u | F13: {=IF(NOT(ISBLANK($A13)), (_xlfn.XLOOKUP($A13,Index!$B$2:$B$103,Index!$E$2:$E$103,"Not Found")),"")} | G13: {=IF(NOT(ISBLANK(A13)), ((_xlfn.XLOOKUP(A13,Index!$B$2:$B$103,Index!$F$2:$F$103,"Not Found"))*B13),"")} -> 0
A14: Bill | B14: 3 | C14: {=IF(NOT(ISBLANK($A14)), (_xlfn.XLOOKUP($A14,Index!$B$2:$B$103,Index!$C$2:$C$103,"Not Found")),"")} -> T | D14: {=IF(NOT(ISBLANK(A14)), (_xlfn.XLOOKUP($A14,Index!$B$2:B$103,Index!$A$2:$A$103,"Not Found")),"")} -> base1-91 | E14: {=IF(NOT(ISBLANK($A14)), (_xlfn.XLOOKUP($A14,Index!$B$2:$B$103,Index!$D$2:$D$103,"Not Found")),"")} -> c | F14: {=IF(NOT(ISBLANK($A14)), (_xlfn.XLOOKUP($A14,Index!$B$2:$B$103,Index!$E$2:$E$103,"Not Found")),"")} | G14: {=IF(NOT(ISBLANK(A14)), ((_xlfn.XLOOKUP(A14,Index!$B$2:$B$103,Index!$F$2:$F$103,"Not Found"))*B14),"")} -> 0
A15: Potion | B15: 2 | C15: {=IF(NOT(ISBLANK($A15)), (_xlfn.XLOOKUP($A15,Index!$B$2:$B$103,Index!$C$2:$C$103,"Not Found")),"")} -> T | D15: {=IF(NOT(ISBLANK(A15)), (_xlfn.XLOOKUP($A15,Index!$B$2:B$103,Index!$A$2:$A$103,"Not Found")),"")} -> base1-94 | E15: {=IF(NOT(ISBLANK($A15)), (_xlfn.XLOOKUP($A15,Index!$B$2:$B$103,Index!$D$2:$D$103,"Not Found")),"")} -> c | F15: {=IF(NOT(ISBLANK($A15)), (_xlfn.XLOOKUP($A15,Index!$B$2:$B$103,Index!$E$2:$E$103,"Not Found")),"")} | G15: {=IF(NOT(ISBLANK(A15)), ((_xlfn.XLOOKUP(A15,Index!$B$2:$B$103,Index!$F$2:$F$103,"Not Found"))*B15),"")} -> 0 | K15: Feature Weight:
A16: Super Potion | B16: 1 | C16: {=IF(NOT(ISBLANK($A16)), (_xlfn.XLOOKUP($A16,Index!$B$2:$B$103,Index!$C$2:$C$103,"Not Found")),"")} -> T | D16: {=IF(NOT(ISBLANK(A16)), (_xlfn.XLOOKUP($A16,Index!$B$2:B$103,Index!$A$2:$A$103,"Not Found")),"")} -> base1-90 | E16: {=IF(NOT(ISBLANK($A16)), (_xlfn.XLOOKUP($A16,Index!$B$2:$B$103,Index!$D$2:$D$103,"Not Found")),"")} -> u | F16: {=IF(NOT(ISBLANK($A16)), (_xlfn.XLOOKUP($A16,Index!$B$2:$B$103,Index!$E$2:$E$103,"Not Found")),"")} | G16: {=IF(NOT(ISBLANK(A16)), ((_xlfn.XLOOKUP(A16,Index!$B$2:$B$103,Index!$F$2:$F$103,"Not Found"))*B16),"")} -> 0 | K16: =K2 -> W | L16: =IF(NOT(ISBLANK($K2)), SUMIFS($G$2:$G$32, $C$2:$C$32,$K2), "") -> 10
A17: Impostor Professor Oak | B17: 1 | C17: {=IF(NOT(ISBLANK($A17)), (_xlfn.XLOOKUP($A17,Index!$B$2:$B$103,Index!$C$2:$C$103,"Not Found")),"")} -> T | D17: {=IF(NOT(ISBLANK(A17)), (_xlfn.XLOOKUP($A17,Index!$B$2:B$103,Index!$A$2:$A$103,"Not Found")),"")} -> base1-73 | E17: {=IF(NOT(ISBLANK($A17)), (_xlfn.XLOOKUP($A17,Index!$B$2:$B$103,Index!$D$2:$D$103,"Not Found")),"")} -> r | F17: {=IF(NOT(ISBLANK($A17)), (_xlfn.XLOOKUP($A17,Index!$B$2:$B$103,Index!$E$2:$E$103,"Not Found")),"")} | G17: {=IF(NOT(ISBLANK(A17)), ((_xlfn.XLOOKUP(A17,Index!$B$2:$B$103,Index!$F$2:$F$103,"Not Found"))*B17),"")} -> 0 | K17: =K3 -> C | L17: =IF(NOT(ISBLANK($K3)), SUMIFS($G$2:$G$32, $C$2:$C$32,$K3), "") -> 0
A18: Gust of Wind | B18: 1 | C18: {=IF(NOT(ISBLANK($A18)), (_xlfn.XLOOKUP($A18,Index!$B$2:$B$103,Index!$C$2:$C$103,"Not Found")),"")} -> T | D18: {=IF(NOT(ISBLANK(A18)), (_xlfn.XLOOKUP($A18,Index!$B$2:B$103,Index!$A$2:$A$103,"Not Found")),"")} -> base1-93 | E18: {=IF(NOT(ISBLANK($A18)), (_xlfn.XLOOKUP($A18,Index!$B$2:$B$103,Index!$D$2:$D$103,"Not Found")),"")} -> c | F18: {=IF(NOT(ISBLANK($A18)), (_xlfn.XLOOKUP($A18,Index!$B$2:$B$103,Index!$E$2:$E$103,"Not Found")),"")} | G18: {=IF(NOT(ISBLANK(A18)), ((_xlfn.XLOOKUP(A18,Index!$B$2:$B$103,Index!$F$2:$F$103,"Not Found"))*B18),"")} -> 0 | K18: =K4 | L18: =IF(NOT(ISBLANK($K4)), SUMIFS($G$2:$G$32, $C$2:$C$32,$K4), "")
A19: Energy Removal | B19: 2 | C19: {=IF(NOT(ISBLANK($A19)), (_xlfn.XLOOKUP($A19,Index!$B$2:$B$103,Index!$C$2:$C$103,"Not Found")),"")} -> T | D19: {=IF(NOT(ISBLANK(A19)), (_xlfn.XLOOKUP($A19,Index!$B$2:B$103,Index!$A$2:$A$103,"Not Found")),"")} -> base1-92 | E19: {=IF(NOT(ISBLANK($A19)), (_xlfn.XLOOKUP($A19,Index!$B$2:$B$103,Index!$D$2:$D$103,"Not Found")),"")} -> c | F19: {=IF(NOT(ISBLANK($A19)), (_xlfn.XLOOKUP($A19,Index!$B$2:$B$103,Index!$E$2:$E$103,"Not Found")),"")} | G19: {=IF(NOT(ISBLANK(A19)), ((_xlfn.XLOOKUP(A19,Index!$B$2:$B$103,Index!$F$2:$F$103,"Not Found"))*B19),"")} -> 0 | K19: =K5 | L19: =IF(NOT(ISBLANK($K5)), SUMIFS($G$2:$G$32, $C$2:$C$32,$K5), "")
A20: PlusPower | B20: 1 | C20: {=IF(NOT(ISBLANK($A20)), (_xlfn.XLOOKUP($A20,Index!$B$2:$B$103,Index!$C$2:$C$103,"Not Found")),"")} -> T | D20: {=IF(NOT(ISBLANK(A20)), (_xlfn.XLOOKUP($A20,Index!$B$2:B$103,Index!$A$2:$A$103,"Not Found")),"")} -> base1-84 | E20: {=IF(NOT(ISBLANK($A20)), (_xlfn.XLOOKUP($A20,Index!$B$2:$B$103,Index!$D$2:$D$103,"Not Found")),"")} -> u | F20: {=IF(NOT(ISBLANK($A20)), (_xlfn.XLOOKUP($A20,Index!$B$2:$B$103,Index!$E$2:$E$103,"Not Found")),"")} | G20: {=IF(NOT(ISBLANK(A20)), ((_xlfn.XLOOKUP(A20,Index!$B$2:$B$103,Index!$F$2:$F$103,"Not Found"))*B20),"")} -> 0 | K20: =K6
C21: {=IF(NOT(ISBLANK($A21)), (_xlfn.XLOOKUP($A21,Index!$B$2:$B$103,Index!$C$2:$C$103,"Not Found")),"")} | D21: {=IF(NOT(ISBLANK(A21)), (_xlfn.XLOOKUP($A21,Index!$B$2:B$103,Index!$A$2:$A$103,"Not Found")),"")} | E21: {=IF(NOT(ISBLANK($A21)), (_xlfn.XLOOKUP($A21,Index!$B$2:$B$103,Index!$D$2:$D$103,"Not Found")),"")} | F21: {=IF(NOT(ISBLANK($A21)), (_xlfn.XLOOKUP($A21,Index!$B$2:$B$103,Index!$E$2:$E$103,"Not Found")),"")} | G21: {=IF(NOT(ISBLANK(A21)), ((_xlfn.XLOOKUP(A21,Index!$B$2:$B$103,Index!$F$2:$F$103,"Not Found"))*B21),"")} | K21: Total: | L21: =SUM(G2:G46) -> 10
C22: {=IF(NOT(ISBLANK($A22)), (_xlfn.XLOOKUP($A22,Index!$B$2:$B$103,Index!$C$2:$C$103,"Not Found")),"")} | D22: {=IF(NOT(ISBLANK(A22)), (_xlfn.XLOOKUP($A22,Index!$B$2:B$103,Index!$A$2:$A$103,"Not Found")),"")} | E22: {=IF(NOT(ISBLANK($A22)), (_xlfn.XLOOKUP($A22,Index!$B$2:$B$103,Index!$D$2:$D$103,"Not Found")),"")} | F22: {=IF(NOT(ISBLANK($A22)), (_xlfn.XLOOKUP($A22,Index!$B$2:$B$103,Index!$E$2:$E$103,"Not Found")),"")} | G22: {=IF(NOT(ISBLANK(A22)), ((_xlfn.XLOOKUP(A22,Index!$B$2:$B$103,Index!$F$2:$F$103,"Not Found"))*B22),"")}
C23: {=IF(NOT(ISBLANK($A23)), (_xlfn.XLOOKUP($A23,Index!$B$2:$B$103,Index!$C$2:$C$103,"Not Found")),"")} | D23: {=IF(NOT(ISBLANK(A23)), (_xlfn.XLOOKUP($A23,Index!$B$2:B$103,Index!$A$2:$A$103,"Not Found")),"")} | E23: {=IF(NOT(ISBLANK($A23)), (_xlfn.XLOOKUP($A23,Index!$B$2:$B$103,Index!$D$2:$D$103,"Not Found")),"")} | F23: {=IF(NOT(ISBLANK($A23)), (_xlfn.XLOOKUP($A23,Index!$B$2:$B$103,Index!$E$2:$E$103,"Not Found")),"")} | G23: {=IF(NOT(ISBLANK(A23)), ((_xlfn.XLOOKUP(A23,Index!$B$2:$B$103,Index!$F$2:$F$103,"Not Found"))*B23),"")}
C24: {=IF(NOT(ISBLANK($A24)), (_xlfn.XLOOKUP($A24,Index!$B$2:$B$103,Index!$C$2:$C$103,"Not Found")),"")} | D24: {=IF(NOT(ISBLANK(A24)), (_xlfn.XLOOKUP($A24,Index!$B$2:B$103,Index!$A$2:$A$103,"Not Found")),"")} | E24: {=IF(NOT(ISBLANK($A24)), (_xlfn.XLOOKUP($A24,Index!$B$2:$B$103,Index!$D$2:$D$103,"Not Found")),"")} | F24: {=IF(NOT(ISBLANK($A24)), (_xlfn.XLOOKUP($A24,Index!$B$2:$B$103,Index!$E$2:$E$103,"Not Found")),"")} | G24: {=IF(NOT(ISBLANK(A24)), ((_xlfn.XLOOKUP(A24,Index!$B$2:$B$103,Index!$F$2:$F$103,"Not Found"))*B24),"")}
C25: {=IF(NOT(ISBLANK($A25)), (_xlfn.XLOOKUP($A25,Index!$B$2:$B$103,Index!$C$2:$C$103,"Not Found")),"")} | D25: {=IF(NOT(ISBLANK(A25)), (_xlfn.XLOOKUP($A25,Index!$B$2:B$103,Index!$A$2:$A$103,"Not Found")),"")} | E25: {=IF(NOT(ISBLANK($A25)), (_xlfn.XLOOKUP($A25,Index!$B$2:$B$103,Index!$D$2:$D$103,"Not Found")),"")} | F25: {=IF(NOT(ISBLANK($A25)), (_xlfn.XLOOKUP($A25,Index!$B$2:$B$103,Index!$E$2:$E$103,"Not Found")),"")} | G25: {=IF(NOT(ISBLANK(A25)), ((_xlfn.XLOOKUP(A25,Index!$B$2:$B$103,Index!$F$2:$F$103,"Not Found"))*B25),"")}
C26: {=IF(NOT(ISBLANK($A26)), (_xlfn.XLOOKUP($A26,Index!$B$2:$B$103,Index!$C$2:$C$103,"Not Found")),"")} | D26: {=IF(NOT(ISBLANK(A26)), (_xlfn.XLOOKUP($A26,Index!$B$2:B$103,Index!$A$2:$A$103,"Not Found")),"")} | E26: {=IF(NOT(ISBLANK($A26)), (_xlfn.XLOOKUP($A26,Index!$B$2:$B$103,Index!$D$2:$D$103,"Not Found")),"")} | F26: {=IF(NOT(ISBLANK($A26)), (_xlfn.XLOOKUP($A26,Index!$B$2:$B$103,Index!$E$2:$E$103,"Not Found")),"")} | G26: {=IF(NOT(ISBLANK(A26)), ((_xlfn.XLOOKUP(A26,Index!$B$2:$B$103,Index!$F$2:$F$103,"Not Found"))*B26),"")}
C27: {=IF(NOT(ISBLANK($A27)), (_xlfn.XLOOKUP($A27,Index!$B$2:$B$103,Index!$C$2:$C$103,"Not Found")),"")} | D27: {=IF(NOT(ISBLANK(A27)), (_xlfn.XLOOKUP($A27,Index!$B$2:B$103,Index!$A$2:$A$103,"Not Found")),"")} | E27: {=IF(NOT(ISBLANK($A27)), (_xlfn.XLOOKUP($A27,Index!$B$2:$B$103,Index!$D$2:$D$103,"Not Found")),"")} | F27: {=IF(NOT(ISBLANK($A27)), (_xlfn.XLOOKUP($A27,Index!$B$2:$B$103,Index!$E$2:$E$103,"Not Found")),"")} | G27: {=IF(NOT(ISBLANK(A27)), ((_xlfn.XLOOKUP(A27,Index!$B$2:$B$103,Index!$F$2:$F$103,"Not Found"))*B27),"")}
C28: {=IF(NOT(ISBLANK($A28)), (_xlfn.XLOOKUP($A28,Index!$B$2:$B$103,Index!$C$2:$C$103,"Not Found")),"")} | D28: {=IF(NOT(ISBLANK(A28)), (_xlfn.XLOOKUP($A28,Index!$B$2:B$103,Index!$A$2:$A$103,"Not Found")),"")} | E28: {=IF(NOT(ISBLANK($A28)), (_xlfn.XLOOKUP($A28,Index!$B$2:$B$103,Index!$D$2:$D$103,"Not Found")),"")} | F28: {=IF(NOT(ISBLANK($A28)), (_xlfn.XLOOKUP($A28,Index!$B$2:$B$103,Index!$E$2:$E$103,"Not Found")),"")} | G28: {=IF(NOT(ISBLANK(A28)), ((_xlfn.XLOOKUP(A28,Index!$B$2:$B$103,Index!$F$2:$F$103,"Not Found"))*B28),"")}
C29: {=IF(NOT(ISBLANK($A29)), (_xlfn.XLOOKUP($A29,Index!$B$2:$B$103,Index!$C$2:$C$103,"Not Found")),"")} | D29: {=IF(NOT(ISBLANK(A29)), (_xlfn.XLOOKUP($A29,Index!$B$2:B$103,Index!$A$2:$A$103,"Not Found")),"")} | E29: {=IF(NOT(ISBLANK($A29)), (_xlfn.XLOOKUP($A29,Index!$B$2:$B$103,Index!$D$2:$D$103,"Not Found")),"")} | F29: {=IF(NOT(ISBLANK($A29)), (_xlfn.XLOOKUP($A29,Index!$B$2:$B$103,Index!$E$2:$E$103,"Not Found")),"")} | G29: {=IF(NOT(ISBLANK(A29)), ((_xlfn.XLOOKUP(A29,Index!$B$2:$B$103,Index!$F$2:$F$103,"Not Found"))*B29),"")}
